#rname	startpos	endpos	numreads	covbases	coverage	meandepth	meanbaseq	meanmapq
NC_001801.1	1	6424	269	6187	96.3107	7.49191	36.8	38.7
NC_049977.1	1	102679	343	31709	30.8817	0.62	36.8	32.5
NC_040594.1	1	8966	2642	8936	99.6654	50.441	36.8	34.6
NC_003630.1	1	6357	4847	6356	99.9843	142.838	36.8	37.6
NC_032436.1	1	8675	921	8611	99.2622	19.7224	36.8	36.4
NC_001556.1	1	6355	816	6273	98.7097	22.5227	36.7	37.5
NC_001367.1	1	6395	1503	6370	99.6091	43.0403	36.8	36.4
NC_022230.1	1	6398	2522	6389	99.8593	73.0639	36.8	38.2
NC_002692.1	1	6383	1562	6378	99.9217	45.3696	36.8	37.8
NC_004422.1	1	6303	181	5110	81.0725	5.42059	36.8	29.8
