contig	breadth1x	breadth5x	breadth10x	mean_depth	length
k141_11683	100.00	78.42	47.68	8.59	1015
k141_6068	96.14	45.55	0.63	3.99	1113
k141_8628	100.00	61.29	14.76	6.15	2860
k141_9914	99.90	24.63	0.00	3.15	1023
k141_4630	99.63	95.82	91.81	24.67	6414
k141_13383	99.93	46.14	5.70	4.75	1387
k141_951	99.75	60.82	27.25	7.37	1978
k141_10432	100.00	45.83	0.00	4.29	1030
k141_5719	99.97	91.45	81.52	17.44	3848
k141_2059	99.97	95.26	83.48	25.84	2954
k141_6085	99.53	0.00	0.00	2.09	1264
k141_7358	97.99	37.47	5.28	4.13	1345
k141_1490	100.00	97.30	89.35	39.61	8025
k141_3134	97.96	49.85	19.11	6.11	3328
k141_267	97.16	33.71	0.00	3.62	1056
k141_8399	99.71	12.44	0.00	2.23	1045
k141_4388	99.26	22.66	0.00	2.99	1483
k141_268	99.96	95.31	77.63	14.71	2454
k141_14020	100.00	97.16	80.03	21.88	2639
k141_5049	99.62	22.09	0.00	3.39	1041
k141_8433	95.69	72.91	26.03	6.89	2739
k141_957	99.90	13.37	0.00	2.78	1025
k141_14021	92.19	25.07	0.00	3.04	1153
k141_14022	99.92	98.41	89.06	30.02	3831
k141_7411	99.77	32.79	12.73	4.27	1296
k141_6353	100.00	99.58	98.64	44.93	4553
k141_3382	98.22	45.51	16.40	5.31	3762
k141_3843	100.00	80.00	38.43	9.52	2100
k141_14040	96.25	72.52	13.21	6.15	1787
k141_14041	100.00	91.96	71.57	21.17	3845
k141_4904	99.82	0.00	0.00	1.57	1129
k141_9052	100.00	80.31	62.81	11.46	1417
k141_12404	99.90	0.00	0.00	2.46	1031
k141_5105	99.61	93.36	69.84	20.08	3103
k141_11532	100.00	73.04	37.56	9.93	5149
k141_4198	100.00	37.62	0.00	3.99	1446
k141_112	99.84	2.47	0.00	2.32	1215
k141_10248	99.78	73.12	35.07	7.41	1343
k141_8899	97.62	63.81	26.49	6.68	2103
k141_3175	99.09	81.71	53.02	11.26	3182
k141_11762	96.41	64.28	18.33	6.26	2783
k141_782	100.00	48.44	3.39	4.48	1090
k141_13235	99.85	24.20	0.00	3.48	1318
k141_6149	100.00	100.00	100.00	470.37	3295
k141_9306	96.34	70.18	29.13	7.55	4048
k141_117	99.90	8.37	0.00	2.90	1052
k141_10726	99.98	39.11	6.98	4.41	4155
k141_8477	91.03	25.26	0.00	3.41	1338
k141_8037	97.11	90.53	68.95	14.61	2905
k141_11093	100.00	59.97	25.29	6.48	1384
k141_10055	99.99	96.02	89.70	34.76	7786
k141_13041	100.00	74.98	41.99	8.82	1143
k141_3230	100.00	91.08	48.73	9.34	2411
k141_8514	99.90	17.60	0.00	3.12	1000
k141_6396	100.00	83.01	55.86	15.69	1083
k141_2171	99.80	6.25	0.00	2.67	1008
k141_3671	92.49	63.35	7.59	5.38	1225
k141_3218	100.00	6.77	0.00	2.58	1004
k141_825	99.92	29.69	0.00	3.15	1280
k141_5832	92.37	66.78	15.87	5.99	1481
k141_14084	98.44	94.87	89.04	52.77	1989
k141_12233	99.24	2.17	0.00	2.15	1059
k141_13961	99.85	15.84	0.00	3.19	1313
k141_12020	99.89	72.54	36.27	8.57	2746
k141_3922	99.95	76.95	42.40	9.09	2078
k141_6875	100.00	75.74	45.30	8.52	1649
k141_8071	100.00	95.31	73.74	11.78	1451
k141_9117	95.18	68.99	47.85	9.29	2322
k141_4523	76.34	0.00	0.00	1.27	1086
k141_4738	99.25	70.15	8.34	6.00	1474
k141_4310	93.69	61.54	32.22	7.30	2694
k141_12692	99.81	7.16	0.00	2.42	1033
k141_4311	87.60	60.41	43.76	9.27	1081
k141_599	98.11	93.65	91.57	133.02	6761
k141_3500	99.90	99.33	98.52	212.00	2975
k141_8764	100.00	21.05	0.00	3.19	1368
k141_5854	98.96	86.79	80.74	26.79	2316
k141_8551	99.91	43.47	1.20	3.93	1079
k141_11614	100.00	98.07	96.55	52.78	4984
k141_3041	100.00	60.20	1.11	5.06	1083
k141_9825	100.00	95.40	92.65	40.78	3306
k141_11368	99.95	82.40	43.90	9.94	2221
k141_636	100.00	31.02	0.00	3.82	1528
k141_13296	100.00	29.68	0.00	3.74	1506
k141_2659	100.00	92.70	87.69	17.57	2656
k141_7742	100.00	88.30	65.15	10.63	1162
k141_8094	99.95	81.21	34.68	8.44	7322
k141_2232	98.37	97.95	97.44	1063.39	5944
k141_6919	96.27	52.84	28.80	7.18	1851
k141_1388	100.00	88.73	79.63	20.30	1242
k141_13298	100.00	73.24	23.28	6.60	1091
k141_12506	99.62	0.00	0.00	2.16	1064
k141_3520	97.37	95.91	79.48	26.12	5478
k141_426	99.93	25.68	0.00	3.25	1359
k141_212	99.24	34.66	0.00	3.82	1587
k141_10348	100.00	50.18	0.00	4.45	1407
k141_12488	100.00	58.66	16.39	5.81	1287
k141_869	98.49	95.89	93.31	39.34	6234
k141_429	99.91	30.38	0.00	3.57	1119
k141_12750	100.00	1.28	0.00	2.32	1331
k141_11650	99.93	95.80	89.33	33.68	1499
k141_9172	99.86	33.48	0.00	3.52	1386
k141_11651	100.00	9.68	0.00	2.48	1147
k141_6263	91.75	13.79	0.00	2.38	1516
k141_6491	99.44	21.80	0.00	3.08	1064
k141_886	99.93	11.15	0.00	3.08	1524
k141_4124	98.26	32.75	8.42	3.98	2244
k141_3066	98.77	98.35	96.82	73.62	6421
k141_7324	99.64	5.30	0.00	2.23	1377
k141_7993	99.05	19.00	0.00	2.76	1058
k141_7994	100.00	39.10	0.00	4.04	1000
k141_12103	100.00	93.42	53.51	10.03	2205
k141_1232	88.62	21.69	0.00	2.99	1134
k141_9867	99.99	94.13	81.69	20.26	7817
k141_6055	99.97	70.68	16.01	6.81	3629
k141_13129	100.00	34.41	0.00	3.58	1174
k141_12758	99.94	33.79	0.06	3.91	1622
k141_13604	99.97	93.58	71.41	13.43	8698
k141_9902	97.40	59.27	7.76	5.45	1920
k141_9882	98.82	16.70	0.00	2.74	1437
k141_1007	100.00	50.56	0.00	4.60	3501
k141_6304	100.00	43.61	17.05	5.32	1848
k141_7998	100.00	44.89	8.21	4.48	1096
k141_6073	100.00	28.30	0.00	3.64	1403
k141_5722	99.85	44.44	0.00	4.32	2043
k141_1679	100.00	57.27	13.94	6.08	1643
k141_12122	99.91	42.40	14.05	5.36	3394
k141_9005	91.87	83.05	73.54	14.70	4872
k141_10900	100.00	35.63	6.20	4.12	1016
k141_12601	86.89	33.09	0.64	3.31	1396
k141_13167	99.82	85.36	46.01	11.57	3962
k141_9237	93.74	51.90	32.49	8.71	2524
k141_2986	99.92	45.85	31.19	6.25	1228
k141_13417	99.91	0.00	0.00	2.10	1108
k141_5959	98.86	25.81	0.00	3.37	1674
k141_4398	97.29	14.37	0.00	2.64	1733
k141_752	99.53	51.51	3.96	4.74	1060
k141_1275	98.05	38.44	1.08	4.40	1384
k141_10921	100.00	63.95	28.86	8.52	4546
k141_12373	99.91	33.30	0.00	4.06	1165
k141_12607	97.84	53.79	0.49	4.60	1017
k141_14018	99.38	75.01	36.84	8.77	3081
k141_9483	99.49	47.72	4.03	4.61	2955
k141_8905	100.00	96.41	75.57	17.25	2869
k141_4661	92.07	56.36	7.53	5.10	1501
k141_6809	95.89	75.79	10.81	5.97	1388
k141_8219	100.00	0.00	0.00	1.99	1033
k141_9505	97.37	85.95	83.10	42.12	4561
k141_14034	100.00	99.96	99.37	90.43	4587
k141_8233	99.53	81.12	58.89	11.77	3009
k141_13209	99.50	57.69	1.65	5.09	2179
k141_14035	99.98	99.32	98.20	39.69	4558
k141_9273	96.47	38.60	2.74	4.47	1645
k141_9949	98.04	10.43	0.00	2.74	1429
k141_6137	99.93	8.03	0.00	2.70	1457
k141_4225	98.85	97.82	84.05	16.70	4351
k141_332	92.13	35.19	3.54	4.18	1131
k141_13894	90.36	71.85	36.34	7.85	1318
k141_1316	99.84	26.74	11.73	3.75	1253
k141_9965	99.93	58.66	5.12	5.06	1444
k141_2356	93.04	61.78	46.32	8.24	1222
k141_9063	96.51	54.04	11.56	5.20	1090
k141_8693	100.00	83.49	49.43	12.18	3803
k141_3169	97.76	36.85	0.65	3.81	2144
k141_13702	98.07	66.42	19.98	6.35	3993
k141_11756	100.00	74.93	7.99	6.50	1001
k141_5783	71.45	16.94	0.00	2.22	1352
k141_1299	98.83	91.94	88.55	36.47	1799
k141_778	99.88	77.99	32.40	8.57	6938
k141_9540	100.00	90.56	45.14	9.55	3846
k141_11103	96.85	57.23	6.29	4.84	1494
k141_1988	98.35	46.09	16.30	4.93	1816
k141_6618	96.74	7.17	0.00	2.26	1256
k141_2609	93.50	5.22	0.00	1.94	1553
k141_10275	99.93	39.89	0.21	4.19	1409
k141_13721	99.93	70.13	42.79	10.04	1463
k141_8271	99.86	56.35	22.62	5.94	2944
k141_4033	100.00	26.71	0.00	3.45	1872
k141_10963	99.84	98.29	94.61	32.44	1225
k141_8946	99.90	30.20	0.00	3.40	1033
k141_5348	99.39	51.26	8.49	4.68	1307
k141_3450	95.27	43.51	3.68	4.35	1903
k141_4249	100.00	87.02	83.61	20.02	1086
k141_11122	99.91	13.84	0.00	3.03	1142
k141_12437	99.83	21.07	0.00	3.29	1177
k141_13490	99.78	70.48	61.77	10.68	1389
k141_798	100.00	68.63	8.69	6.10	1508
k141_9106	99.01	76.51	40.59	9.44	2333
k141_1355	96.33	77.08	58.71	27.55	1361
k141_2641	96.50	83.21	30.61	7.57	1114
k141_10528	98.61	51.80	14.06	4.85	1081
k141_6900	98.13	85.84	52.37	9.04	1285
k141_4727	84.57	13.02	0.00	2.29	1452
k141_13741	97.95	44.16	1.54	4.56	1952
k141_1798	99.51	54.68	7.81	5.18	1229
k141_1605	100.00	0.00	0.00	2.16	1055
k141_6441	90.16	2.74	0.00	2.35	1169
k141_11355	100.00	99.96	98.72	72.93	2508
k141_7253	99.90	63.60	16.95	6.03	1044
k141_12456	100.00	64.81	27.15	7.57	1219
k141_7929	99.81	16.08	0.00	2.36	1076
k141_11356	100.00	19.68	0.00	3.24	1128
k141_9352	98.13	27.42	0.00	3.60	1014
k141_5383	100.00	22.51	0.00	2.86	1275
k141_2432	99.96	91.48	88.98	41.01	2360
k141_1834	84.67	25.69	10.28	3.48	1226
k141_9568	100.00	81.22	35.44	8.29	3056
k141_6672	99.94	94.68	71.58	17.34	3536
k141_4746	98.48	70.79	54.71	11.77	1051
k141_7698	100.00	73.73	8.48	6.14	2170
k141_10334	95.77	31.51	8.88	3.80	1228
k141_9797	97.33	50.85	17.22	5.12	1347
k141_13286	95.12	63.43	38.85	10.74	2193
k141_5407	91.32	40.15	0.00	3.72	1163
k141_6908	92.17	0.77	0.00	2.02	1302
k141_3248	100.00	47.51	21.76	5.14	1103
k141_11374	93.29	17.85	0.00	2.71	2684
k141_3035	99.87	18.60	0.00	2.91	1500
k141_2911	99.91	0.00	0.00	1.69	1076
k141_2437	97.09	92.00	74.76	13.46	2163
k141_7488	95.65	1.38	0.00	2.38	1011
k141_12037	93.02	38.20	18.75	5.17	1419
k141_3939	100.00	32.77	3.53	4.05	3204
k141_7275	99.04	44.27	24.32	5.73	1143
k141_398	99.95	96.36	94.91	46.33	6382
k141_8810	96.92	77.34	63.79	12.66	1527
k141_3267	100.00	68.91	22.05	6.72	1560
k141_8564	99.67	0.00	0.00	1.72	1201
k141_10127	99.95	78.08	27.81	7.56	2039
k141_11640	99.89	55.21	17.13	5.79	1775
k141_9623	89.10	75.85	51.42	10.93	1441
k141_9162	99.85	52.30	10.02	5.15	1327
k141_7980	97.85	12.46	0.00	2.97	1397
k141_434	99.93	77.70	33.65	8.18	12126
k141_10796	88.43	0.00	0.00	1.27	1184
k141_4996	99.98	95.43	91.11	31.94	5274
k141_6040	99.92	8.98	0.00	2.70	1303
k141_2243	99.82	38.32	0.18	4.39	1644
k141_13997	99.44	76.58	27.56	8.07	1063
k141_11870	100.00	50.28	2.85	4.70	1086
k141_910	99.97	73.05	36.96	8.03	3596
k141_7969	98.14	34.79	0.00	3.34	1722
k141_3744	98.26	21.87	0.00	3.22	1207
k141_6717	99.93	19.53	0.00	3.22	1434
k141_7983	98.11	20.69	0.00	2.86	1165
k141_8796	99.97	72.27	9.75	6.23	3837
k141_5005	94.40	27.24	0.00	3.80	1571
k141_893	100.00	95.68	89.81	30.95	1296
k141_9395	100.00	99.87	99.74	43.63	4538
k141_2260	100.00	59.56	30.24	7.87	2903
k141_10148	100.00	49.39	1.97	4.68	1474
k141_9183	99.77	97.31	94.69	45.48	6424
k141_3535	98.89	57.85	4.48	5.13	2790
k141_8832	99.85	76.45	23.37	7.14	3397
k141_240	99.97	76.90	50.85	10.68	4000
k141_12075	99.81	74.11	16.32	6.57	2151
k141_6047	100.00	76.66	47.18	8.96	1791
k141_683	95.52	88.12	84.77	28.11	2745
k141_10411	100.00	89.28	80.72	36.23	1520
k141_12110	99.94	38.14	0.00	3.87	1615
k141_7549	100.00	7.36	0.00	2.93	1509
k141_7108	99.93	53.47	18.69	5.78	1354
k141_899	100.00	98.89	98.44	53.55	3857
k141_11451	100.00	42.06	9.62	4.82	2142
k141_7810	99.78	37.21	14.63	4.74	1825
k141_6525	100.00	53.50	3.72	4.87	1615
k141_6064	100.00	30.48	11.95	3.87	1155
k141_5929	99.54	96.35	87.65	26.54	4114
k141_5041	88.22	15.30	0.00	2.28	1477
k141_13842	99.90	57.43	13.44	5.67	2873
