contig	length	best_subject	n_hsps	query_coverage_pct	weighted_identity_pct	total_bitscore	best_evalue	nt_match_class
k141_1490	8025		0	0				No_megablast_hit
k141_9867	7817	PP872678.1	1	4.02	76.80	171.0	2.75e-36	Weak_nt_match
k141_10055	7786		0	0				No_megablast_hit
k141_869	6234		0	0				No_megablast_hit
k141_2232	5944	OP699126.1	3	100.00	94.71	9336.0	0.0	Strong_near_known_nt_match
k141_4996	5274		0	0				No_megablast_hit
k141_11614	4984	OR843490.1	1	75.26	84.25	3637.0	0.0	Moderate_divergent_nt_match
k141_14034	4587		0	0				No_megablast_hit
k141_14035	4558		0	0				No_megablast_hit
k141_6353	4553		0	0				No_megablast_hit
k141_9395	4538	OR350006.1	1	24.61	70.93	213.0	2.61e-49	Partial_or_distant_nt_match
k141_4225	4351		0	0				No_megablast_hit
k141_5929	4114	PX098585.1	2	72.27	80.39	2200.0	0.0	Moderate_divergent_nt_match
k141_899	3857		0	0				No_megablast_hit
k141_14022	3831		0	0				No_megablast_hit
k141_9825	3306	PX283865.1	1	39.96	73.20	440.0	7.98e-118	Partial_or_distant_nt_match
k141_6149	3295	KY487932.1	2	100.00	98.00	5720.0	0.0	Strong_near_known_nt_match
