contig	length	topology	n_genes	virus_score	n_hallmarks	marker_enrichment	genomad_taxonomy	blast_ref	blast_name	blast_identity	blast_alignment_length	blast_query_coverage	blast_evalue	blast_bitscore	evidence_class	read_breadth1x	read_breadth5x	read_breadth10x	read_mean_depth	read_support_class
k141_434	12126	No terminal repeats	19	0.9835	1	28.4615	Viruses;Duplodnaviria;Heunggongvirae;Uroviricota;Caudoviricetes;;								No_match_to_candidate_panel	99.93	77.70	33.65	8.18	Moderate_read_support
k141_13604	8698	No terminal repeats	1	0.9751	0	1.7183	Viruses;Riboviria;Orthornavirae;Pisuviricota;Pisoniviricetes;Picornavirales;								No_match_to_candidate_panel	99.97	93.58	71.41	13.43	Moderate_read_support
k141_1490	8025	No terminal repeats	2	0.9796	1	3.4366	Viruses;Riboviria;Orthornavirae;Pisuviricota;Pisoniviricetes;Picornavirales;Picornaviridae								No_match_to_candidate_panel	100.00	97.30	89.35	39.61	High_read_support
k141_9867	7817	No terminal repeats	3	0.9715	1	3.4366	Viruses;Riboviria;Orthornavirae;Pisuviricota;Pisoniviricetes;Picornavirales;Picornaviridae								No_match_to_candidate_panel	99.99	94.13	81.69	20.26	High_read_support
k141_10055	7786	No terminal repeats	1	0.9755	1	1.7183	Viruses;Riboviria;Orthornavirae;Pisuviricota;Stelpaviricetes;Patatavirales;Potyviridae								No_match_to_candidate_panel	99.99	96.02	89.70	34.76	High_read_support
k141_8094	7322	No terminal repeats	11	0.9660	1	3.9499	Viruses;Duplodnaviria;Heunggongvirae;Uroviricota;Caudoviricetes;;								No_match_to_candidate_panel	99.95	81.21	34.68	8.44	Moderate_read_support
k141_778	6938	No terminal repeats	18	0.9813	3	15.8999	Viruses;Duplodnaviria;Heunggongvirae;Uroviricota;Caudoviricetes;;								No_match_to_candidate_panel	99.88	77.99	32.40	8.57	Moderate_read_support
k141_599	6761	No terminal repeats	6	0.9821	3	6.8731	Viruses;Riboviria;Orthornavirae;Kitrinoviricota;Alsuviricetes;Martellivirales;	NC_003630.1	PMMoV	99.498	6177	95.0	0.0	11236.0	Strong_panel_match	98.11	93.65	91.57	133.02	High_read_support
k141_9183	6424	No terminal repeats	4	0.9829	3	6.8731	Viruses;Riboviria;Orthornavirae;Kitrinoviricota;Alsuviricetes;Martellivirales;	NC_002692.1	ToMV	99.496	6345	99.0	0.0	11538.0	Strong_panel_match	99.77	97.31	94.69	45.48	High_read_support
k141_3066	6421	No terminal repeats	5	0.9828	3	6.8731	Viruses;Riboviria;Orthornavirae;Kitrinoviricota;Alsuviricetes;Martellivirales;	NC_022230.1	ToMMV	99.573	6330	100.0	0.0	11538.0	Strong_panel_match	98.77	98.35	96.82	73.62	High_read_support
k141_4630	6414	No terminal repeats	4	0.9828	3	6.8731	Viruses;Riboviria;Orthornavirae;Kitrinoviricota;Alsuviricetes;Martellivirales;Virgaviridae	NC_001556.1	TMGMV	98.827	6311	99.0	0.0	11232.0	Strong_panel_match	99.63	95.82	91.81	24.67	High_read_support
k141_398	6382	No terminal repeats	4	0.9826	3	6.8731	Viruses;Riboviria;Orthornavirae;Kitrinoviricota;Alsuviricetes;Martellivirales;	NC_001367.1	TMV	98.593	6326	99.0	0.0	11188.0	Strong_panel_match	99.95	96.36	94.91	46.33	High_read_support
k141_869	6234	No terminal repeats	2	0.9425	1	1.7183	Viruses;Riboviria;Orthornavirae;Kitrinoviricota;Magsaviricetes;Nodamuvirales;Nodaviridae								No_match_to_candidate_panel	98.49	95.89	93.31	39.34	High_read_support
k141_2232	5944	No terminal repeats	3	0.9470	1	1.7183	Viruses;Riboviria;Orthornavirae;Kitrinoviricota;Alsuviricetes;Hepelivirales;Hepeviridae								No_match_to_candidate_panel	98.37	97.95	97.44	1063.39	High_read_support
k141_3520	5478	ITR	7	0.9206	0	2.9737	Viruses;Monodnaviria;Sangervirae;Phixviricota;Malgrandaviricetes;Petitvirales;Microviridae								No_match_to_candidate_panel	97.37	95.91	79.48	26.12	Moderate_read_support
k141_4996	5274	No terminal repeats	4	0.8695	1	1.7183	Viruses;Riboviria;Orthornavirae;Kitrinoviricota;Tolucaviricetes;Tolivirales;Tombusviridae								No_match_to_candidate_panel	99.98	95.43	91.11	31.94	High_read_support
k141_11532	5149	No terminal repeats	1	0.9676	0	1.7183	Viruses;Riboviria;Orthornavirae;Pisuviricota;Pisoniviricetes;Picornavirales;								No_match_to_candidate_panel	100.00	73.04	37.56	9.93	Moderate_read_support
k141_11614	4984	No terminal repeats	2	0.9675	1	1.7183	Viruses;Riboviria;Orthornavirae;Pisuviricota;Pisoniviricetes;Sobelivirales;Solemoviridae								No_match_to_candidate_panel	100.00	98.07	96.55	52.78	High_read_support
k141_9005	4872	No terminal repeats	9	0.9691	0	4.6920	Viruses;Monodnaviria;Sangervirae;Phixviricota;Malgrandaviricetes;Petitvirales;Microviridae								No_match_to_candidate_panel	91.87	83.05	73.54	14.70	Moderate_read_support
k141_14034	4587	DTR	7	0.9261	0	2.9737	Viruses;Monodnaviria;Sangervirae;Phixviricota;Malgrandaviricetes;Petitvirales;Microviridae								No_match_to_candidate_panel	100.00	99.96	99.37	90.43	High_read_support
k141_9505	4561	No terminal repeats	5	0.8471	1	1.7183	Viruses;Riboviria;Orthornavirae;Pisuviricota;Stelpaviricetes;Patatavirales;Potyviridae	NC_040594.1	Picalivirus_A	98.091	2357	100.0	0.0	4104.0	Strong_panel_match	97.37	85.95	83.10	42.12	High_read_support
k141_14035	4558	DTR	6	0.9187	0	2.9737	Viruses;Monodnaviria;Sangervirae;Phixviricota;Malgrandaviricetes;Petitvirales;Microviridae								No_match_to_candidate_panel	99.98	99.32	98.20	39.69	High_read_support
k141_6353	4553	DTR	6	0.8827	0	2.9737	Viruses;Monodnaviria;Sangervirae;Phixviricota;Malgrandaviricetes;Petitvirales;Microviridae								No_match_to_candidate_panel	100.00	99.58	98.64	44.93	High_read_support
k141_10921	4546	No terminal repeats	7	0.9795	4	9.3364	Viruses;Monodnaviria;Sangervirae;Phixviricota;Malgrandaviricetes;Petitvirales;Microviridae								No_match_to_candidate_panel	100.00	63.95	28.86	8.52	Moderate_read_support
k141_9395	4538	DTR	7	0.9806	4	11.2071	Viruses;Monodnaviria;Sangervirae;Phixviricota;Malgrandaviricetes;Petitvirales;Microviridae								No_match_to_candidate_panel	100.00	99.87	99.74	43.63	High_read_support
k141_4225	4351	DTR	6	0.8839	0	2.9737	Viruses;Monodnaviria;Sangervirae;Phixviricota;Malgrandaviricetes;Petitvirales;Microviridae								No_match_to_candidate_panel	98.85	97.82	84.05	16.70	High_read_support
k141_10726	4155	No terminal repeats	8	0.9681	0	10.2795	Viruses;Duplodnaviria;Heunggongvirae;Uroviricota;Caudoviricetes;Crassvirales;								No_match_to_candidate_panel	99.98	39.11	6.98	4.41	Low_read_support
k141_5929	4114	No terminal repeats	3	0.9745	2	3.4366	Viruses;Riboviria;Orthornavirae;Lenarviricota;Amabiliviricetes;;								No_match_to_candidate_panel	99.54	96.35	87.65	26.54	High_read_support
k141_9306	4048	No terminal repeats	1	0.9698	0	1.7183	Viruses;Riboviria;Orthornavirae;Pisuviricota;Pisoniviricetes;Picornavirales;								No_match_to_candidate_panel	96.34	70.18	29.13	7.55	Moderate_read_support
k141_240	4000	No terminal repeats	6	0.9824	0	8.3565	Viruses;Duplodnaviria;Heunggongvirae;Uroviricota;Caudoviricetes;;								No_match_to_candidate_panel	99.97	76.90	50.85	10.68	Moderate_read_support
k141_13702	3993	No terminal repeats	4	0.7037	0	0.0000	Unclassified								No_match_to_candidate_panel	98.07	66.42	19.98	6.35	Moderate_read_support
k141_13167	3962	No terminal repeats	7	0.9828	3	10.3187	Viruses;Duplodnaviria;Heunggongvirae;Uroviricota;Caudoviricetes;;								No_match_to_candidate_panel	99.82	85.36	46.01	11.57	Moderate_read_support
k141_899	3857	No terminal repeats	1	0.7604	0	0.0000	Unclassified								No_match_to_candidate_panel	100.00	98.89	98.44	53.55	High_read_support
k141_5719	3848	No terminal repeats	2	0.9677	1	1.7183	Viruses;Riboviria;Orthornavirae;Pisuviricota;Pisoniviricetes;Picornavirales;Picornaviridae	NC_032436.1	Shahe_picorna_like_virus_8	98.639	3820	99.0	0.0	6767.0	Strong_panel_match	99.97	91.45	81.52	17.44	High_read_support
k141_9540	3846	No terminal repeats	8	0.9645	1	4.5045	Viruses;Duplodnaviria;Heunggongvirae;Uroviricota;Caudoviricetes;;								No_match_to_candidate_panel	100.00	90.56	45.14	9.55	Moderate_read_support
k141_14041	3845	DTR	5	0.9160	1	1.4774	Viruses;Monodnaviria;Shotokuvirae;Cressdnaviricota;Arfiviricetes;Mulpavirales;Nanoviridae								No_match_to_candidate_panel	100.00	91.96	71.57	21.17	Moderate_read_support
k141_8796	3837	No terminal repeats	9	0.8816	0	3.2371	Viruses;Duplodnaviria;Heunggongvirae;Uroviricota;Caudoviricetes;;								No_match_to_candidate_panel	99.97	72.27	9.75	6.23	Moderate_read_support
k141_14022	3831	DTR	4	0.7987	1	1.7183	Viruses;Monodnaviria;Shotokuvirae;Cressdnaviricota;;;								No_match_to_candidate_panel	99.92	98.41	89.06	30.02	High_read_support
k141_8693	3803	No terminal repeats	3	0.9770	1	3.4366	Viruses;Riboviria;Orthornavirae;Pisuviricota;Stelpaviricetes;Patatavirales;Potyviridae								No_match_to_candidate_panel	100.00	83.49	49.43	12.18	Moderate_read_support
k141_3382	3762	No terminal repeats	2	0.9650	2	3.4366	Viruses;Riboviria;Orthornavirae;Kitrinoviricota;Magsaviricetes;Nodamuvirales;Sinhaliviridae								No_match_to_candidate_panel	98.22	45.51	16.40	5.31	Low_read_support
k141_6055	3629	No terminal repeats	4	0.9436	0	2.8566	Viruses;Duplodnaviria;Heunggongvirae;Uroviricota;Caudoviricetes;;								No_match_to_candidate_panel	99.97	70.68	16.01	6.81	Moderate_read_support
k141_910	3596	No terminal repeats	3	0.9029	1	1.7183	Viruses;Riboviria;Orthornavirae;Pisuviricota;Pisoniviricetes;Picornavirales;Picornaviridae								No_match_to_candidate_panel	99.97	73.05	36.96	8.03	Moderate_read_support
k141_6672	3536	No terminal repeats	2	0.7141	0	0.0000	Unclassified								No_match_to_candidate_panel	99.94	94.68	71.58	17.34	Moderate_read_support
k141_1007	3501	No terminal repeats	9	0.9730	0	4.6423	Viruses;Duplodnaviria;Heunggongvirae;Uroviricota;Caudoviricetes;;								No_match_to_candidate_panel	100.00	50.56	0.00	4.60	Moderate_read_support
k141_8832	3397	No terminal repeats	2	0.8425	0	0.0000	Unclassified								No_match_to_candidate_panel	99.85	76.45	23.37	7.14	Moderate_read_support
k141_12122	3394	No terminal repeats	1	0.9551	0	1.7183	Viruses;Riboviria;Orthornavirae;Pisuviricota;Pisoniviricetes;Picornavirales;								No_match_to_candidate_panel	99.91	42.40	14.05	5.36	Low_read_support
k141_3134	3328	No terminal repeats	6	0.9790	0	5.1524	Viruses;Duplodnaviria;Heunggongvirae;Uroviricota;Caudoviricetes;;								No_match_to_candidate_panel	97.96	49.85	19.11	6.11	Low_read_support
k141_9825	3306	No terminal repeats	2	0.8559	1	1.4749	Viruses;Duplodnaviria;Heunggongvirae;Uroviricota;Caudoviricetes;;								No_match_to_candidate_panel	100.00	95.40	92.65	40.78	High_read_support
k141_6149	3295	DTR	5	0.9029	1	0.9613	Viruses;Monodnaviria;Shotokuvirae;Cressdnaviricota;Arfiviricetes;Cirlivirales;								No_match_to_candidate_panel	100.00	100.00	100.00	470.37	High_read_support
k141_3939	3204	No terminal repeats	2	0.8913	0	1.4091	Viruses;Duplodnaviria;Heunggongvirae;Uroviricota;Caudoviricetes;;								No_match_to_candidate_panel	100.00	32.77	3.53	4.05	Low_read_support
k141_3175	3182	No terminal repeats	1	0.9714	1	1.7183	Viruses;Riboviria;Orthornavirae;Kitrinoviricota;Magsaviricetes;Nodamuvirales;Nodaviridae								No_match_to_candidate_panel	99.09	81.71	53.02	11.26	Moderate_read_support
k141_5105	3103	No terminal repeats	2	0.9639	0	1.7183	Viruses;Riboviria;Orthornavirae;Pisuviricota;Pisoniviricetes;Picornavirales;Dicistroviridae	NC_032436.1	Shahe_picorna_like_virus_8	98.94	2642	99.0	0.0	4724.0	Strong_panel_match	99.61	93.36	69.84	20.08	Moderate_read_support
k141_14018	3081	DTR	4	0.8156	1	0.9613	Viruses;Monodnaviria;Shotokuvirae;Cressdnaviricota;Arfiviricetes;Cirlivirales;								No_match_to_candidate_panel	99.38	75.01	36.84	8.77	Moderate_read_support
k141_9568	3056	No terminal repeats	7	0.9486	0	2.9155	Viruses;Duplodnaviria;Heunggongvirae;Uroviricota;Caudoviricetes;;								No_match_to_candidate_panel	100.00	81.22	35.44	8.29	Moderate_read_support
k141_8233	3009	No terminal repeats	2	0.9684	1	1.7183	Viruses;Riboviria;Orthornavirae;Kitrinoviricota;Magsaviricetes;Nodamuvirales;Nodaviridae								No_match_to_candidate_panel	99.53	81.12	58.89	11.77	Moderate_read_support
k141_3500	2975	DTR	3	0.7953	1	0.9613	Viruses;Monodnaviria;Shotokuvirae;Cressdnaviricota;Arfiviricetes;Cirlivirales;								No_match_to_candidate_panel	99.90	99.33	98.52	212.00	High_read_support
k141_9483	2955	No terminal repeats	1	0.9770	0	1.7183	Viruses;Riboviria;Orthornavirae;Pisuviricota;Pisoniviricetes;Picornavirales;								No_match_to_candidate_panel	99.49	47.72	4.03	4.61	Low_read_support
k141_2059	2954	No terminal repeats	3	0.9424	1	1.7183	Viruses;Riboviria;Orthornavirae;Kitrinoviricota;Tolucaviricetes;Tolivirales;Tombusviridae								No_match_to_candidate_panel	99.97	95.26	83.48	25.84	High_read_support
k141_8271	2944	No terminal repeats	3	0.9769	1	3.4366	Viruses;Riboviria;Orthornavirae;Pisuviricota;Pisoniviricetes;Sobelivirales;Solemoviridae								No_match_to_candidate_panel	99.86	56.35	22.62	5.94	Moderate_read_support
k141_8037	2905	No terminal repeats	1	0.9748	1	1.7183	Viruses;Riboviria;Orthornavirae;Kitrinoviricota;Magsaviricetes;Nodamuvirales;Nodaviridae								No_match_to_candidate_panel	97.11	90.53	68.95	14.61	Moderate_read_support
k141_2260	2903	No terminal repeats	1	0.7781	0	0.0000	Unclassified								No_match_to_candidate_panel	100.00	59.56	30.24	7.87	Moderate_read_support
k141_13842	2873	No terminal repeats	4	0.9616	1	4.4719	Viruses;Duplodnaviria;Heunggongvirae;Uroviricota;Caudoviricetes;;								No_match_to_candidate_panel	99.90	57.43	13.44	5.67	Moderate_read_support
k141_8905	2869	DTR	3	0.9395	1	1.4774	Viruses;Monodnaviria;Shotokuvirae;Cressdnaviricota;Arfiviricetes;Mulpavirales;Nanoviridae								No_match_to_candidate_panel	100.00	96.41	75.57	17.25	Moderate_read_support
k141_8628	2860	No terminal repeats	4	0.9592	0	3.9515	Viruses;Duplodnaviria;Heunggongvirae;Uroviricota;Caudoviricetes;;								No_match_to_candidate_panel	100.00	61.29	14.76	6.15	Moderate_read_support
k141_3535	2790	No terminal repeats	1	0.9748	1	1.7183	Viruses;Riboviria;Orthornavirae;Kitrinoviricota;Alsuviricetes;Martellivirales;Virgaviridae	NC_004422.1	Youcai_mosaic_virus	94.887	2621	99.0	0.0	4096.0	Moderate_panel_match	98.89	57.85	4.48	5.13	Moderate_read_support
k141_11762	2783	No terminal repeats	2	0.9649	1	1.7183	Viruses;Riboviria;Orthornavirae;Kitrinoviricota;Tolucaviricetes;Tolivirales;Tombusviridae								No_match_to_candidate_panel	96.41	64.28	18.33	6.26	Moderate_read_support
k141_12020	2746	No terminal repeats	5	0.9824	2	6.7076	Viruses;Monodnaviria;Sangervirae;Phixviricota;Malgrandaviricetes;Petitvirales;Microviridae								No_match_to_candidate_panel	99.89	72.54	36.27	8.57	Moderate_read_support
k141_683	2745	No terminal repeats	2	0.9632	1	1.4774	Viruses;Monodnaviria;Shotokuvirae;Cressdnaviricota;Arfiviricetes;Mulpavirales;Nanoviridae								No_match_to_candidate_panel	95.52	88.12	84.77	28.11	High_read_support
k141_8433	2739	No terminal repeats	6	0.9827	3	7.9360	Viruses;Monodnaviria;Sangervirae;Phixviricota;Malgrandaviricetes;Petitvirales;Microviridae								No_match_to_candidate_panel	95.69	72.91	26.03	6.89	Moderate_read_support
k141_4310	2694	No terminal repeats	3	0.9068	0	1.7183	Viruses;Duplodnaviria;Heunggongvirae;Uroviricota;Caudoviricetes;;								No_match_to_candidate_panel	93.69	61.54	32.22	7.30	Moderate_read_support
k141_11374	2684	No terminal repeats	4	0.7143	0	0.0000	Unclassified								No_match_to_candidate_panel	93.29	17.85	0.00	2.71	Low_read_support
k141_2659	2656	No terminal repeats	3	0.9743	0	3.4338	Viruses;Riboviria;Orthornavirae;Kitrinoviricota;Tolucaviricetes;Tolivirales;								No_match_to_candidate_panel	100.00	92.70	87.69	17.57	High_read_support
k141_14020	2639	DTR	3	0.9018	1	1.4865	Viruses;Monodnaviria;Shotokuvirae;Cressdnaviricota;Repensiviricetes;Geplafuvirales;Geminiviridae								No_match_to_candidate_panel	100.00	97.16	80.03	21.88	High_read_support
k141_9237	2524	No terminal repeats	4	0.8816	0	0.9498	Viruses;Monodnaviria;Shotokuvirae;Cressdnaviricota;Arfiviricetes;Cirlivirales;Circoviridae								No_match_to_candidate_panel	93.74	51.90	32.49	8.71	Moderate_read_support
k141_11355	2508	DTR	3	0.8876	1	1.7183	Viruses;Monodnaviria;Shotokuvirae;Cressdnaviricota;;;								No_match_to_candidate_panel	100.00	99.96	98.72	72.93	High_read_support
k141_268	2454	No terminal repeats	5	0.9605	2	3.4366	Viruses;Monodnaviria;Shotokuvirae;Cressdnaviricota;Repensiviricetes;Geplafuvirales;Genomoviridae								No_match_to_candidate_panel	99.96	95.31	77.63	14.71	Moderate_read_support
k141_3230	2411	No terminal repeats	4	0.9824	3	6.8731	Viruses;Riboviria;Orthornavirae;Kitrinoviricota;Alsuviricetes;Martellivirales;Bromoviridae	NC_004422.1	Youcai_mosaic_virus	96.119	2396	99.0	0.0	3908.0	Strong_panel_match	100.00	91.08	48.73	9.34	Moderate_read_support
k141_2432	2360	No terminal repeats	1	0.9585	1	1.7183	Viruses;Riboviria;Orthornavirae;Pisuviricota;Pisoniviricetes;Picornavirales;Picornaviridae								No_match_to_candidate_panel	99.96	91.48	88.98	41.01	High_read_support
k141_9106	2333	No terminal repeats	4	0.8100	1	1.7183	Viruses;Monodnaviria;Shotokuvirae;Cressdnaviricota;Repensiviricetes;Geplafuvirales;Genomoviridae								No_match_to_candidate_panel	99.01	76.51	40.59	9.44	Moderate_read_support
k141_9117	2322	No terminal repeats	2	0.8672	1	1.1095	Viruses;Monodnaviria;Sangervirae;Phixviricota;Malgrandaviricetes;Petitvirales;Microviridae								No_match_to_candidate_panel	95.18	68.99	47.85	9.29	Moderate_read_support
k141_5854	2316	No terminal repeats	2	0.8954	1	1.4865	Viruses;Monodnaviria;Shotokuvirae;Cressdnaviricota;Repensiviricetes;Geplafuvirales;Geminiviridae								No_match_to_candidate_panel	98.96	86.79	80.74	26.79	High_read_support
k141_4124	2244	No terminal repeats	3	0.8430	1	1.7183	Viruses;Riboviria;Orthornavirae;Kitrinoviricota;Tolucaviricetes;Tolivirales;Tombusviridae								No_match_to_candidate_panel	98.26	32.75	8.42	3.98	Low_read_support
k141_11368	2221	No terminal repeats	3	0.9735	2	3.4366	Viruses;Riboviria;Orthornavirae;Lenarviricota;Leviviricetes;Norzivirales;Fiersviridae								No_match_to_candidate_panel	99.95	82.40	43.90	9.94	Moderate_read_support
k141_12103	2205	No terminal repeats	3	0.9664	1	1.5528	Viruses;Monodnaviria;Sangervirae;Phixviricota;Malgrandaviricetes;Petitvirales;Microviridae								No_match_to_candidate_panel	100.00	93.42	53.51	10.03	Moderate_read_support
k141_13286	2193	No terminal repeats	3	0.9748	2	3.4366	Viruses;Riboviria;Orthornavirae;Pisuviricota;Pisoniviricetes;Picornavirales;Picornaviridae								No_match_to_candidate_panel	95.12	63.43	38.85	10.74	Moderate_read_support
k141_13209	2179	No terminal repeats	3	0.7457	1	0.8784	Viruses;Monodnaviria;Shotokuvirae;Cressdnaviricota;Arfiviricetes;Cirlivirales;Circoviridae								No_match_to_candidate_panel	99.50	57.69	1.65	5.09	Moderate_read_support
k141_7698	2170	No terminal repeats	2	0.9662	1	1.7183	Viruses;Riboviria;Orthornavirae;Kitrinoviricota;Alsuviricetes;Tymovirales;Betaflexiviridae								No_match_to_candidate_panel	100.00	73.73	8.48	6.14	Moderate_read_support
k141_2437	2163	No terminal repeats	3	0.9554	1	1.7183	Viruses;Riboviria;Orthornavirae;Kitrinoviricota;;;								No_match_to_candidate_panel	97.09	92.00	74.76	13.46	Moderate_read_support
k141_12075	2151	No terminal repeats	2	0.9795	1	3.2347	Viruses;Duplodnaviria;Heunggongvirae;Uroviricota;Caudoviricetes;;								No_match_to_candidate_panel	99.81	74.11	16.32	6.57	Moderate_read_support
k141_3169	2144	No terminal repeats	3	0.9115	1	1.7183	Viruses;Duplodnaviria;Heunggongvirae;Uroviricota;Caudoviricetes;;								No_match_to_candidate_panel	97.76	36.85	0.65	3.81	Low_read_support
k141_11451	2142	No terminal repeats	3	0.7773	1	0.9613	Viruses;Monodnaviria;Shotokuvirae;Cressdnaviricota;Arfiviricetes;Cirlivirales;								No_match_to_candidate_panel	100.00	42.06	9.62	4.82	Low_read_support
k141_8899	2103	No terminal repeats	3	0.9336	1	1.4865	Viruses;Monodnaviria;Shotokuvirae;Cressdnaviricota;Repensiviricetes;Geplafuvirales;Geminiviridae								No_match_to_candidate_panel	97.62	63.81	26.49	6.68	Moderate_read_support
k141_3843	2100	No terminal repeats	2	0.8149	1	0.9613	Viruses;Monodnaviria;Shotokuvirae;Cressdnaviricota;Arfiviricetes;Cirlivirales;								No_match_to_candidate_panel	100.00	80.00	38.43	9.52	Moderate_read_support
k141_3922	2078	No terminal repeats	2	0.9757	2	2.6796	Viruses;Monodnaviria;Shotokuvirae;Cressdnaviricota;Arfiviricetes;Cirlivirales;								No_match_to_candidate_panel	99.95	76.95	42.40	9.09	Moderate_read_support
k141_5722	2043	No terminal repeats	2	0.8757	1	0.9613	Viruses;Monodnaviria;Shotokuvirae;Cressdnaviricota;Arfiviricetes;Cirlivirales;								No_match_to_candidate_panel	99.85	44.44	0.00	4.32	Low_read_support
k141_10127	2039	No terminal repeats	2	0.9779	2	3.4366	Viruses;Riboviria;Orthornavirae;Kitrinoviricota;Alsuviricetes;Martellivirales;Virgaviridae	NC_001801.1	CGMMV	98.53	1973	99.0	0.0	3482.0	Strong_panel_match	99.95	78.08	27.81	7.56	Moderate_read_support
k141_14084	1989	DTR	3	0.7579	1	0.9613	Viruses;Monodnaviria;Shotokuvirae;Cressdnaviricota;Arfiviricetes;Cirlivirales;								No_match_to_candidate_panel	98.44	94.87	89.04	52.77	High_read_support
k141_951	1978	No terminal repeats	3	0.9341	1	3.4366	Viruses;Duplodnaviria;Heunggongvirae;Uroviricota;Caudoviricetes;;								No_match_to_candidate_panel	99.75	60.82	27.25	7.37	Moderate_read_support
k141_13741	1952	No terminal repeats	2	0.9448	1	1.7183	Viruses;Riboviria;Orthornavirae;Pisuviricota;Pisoniviricetes;Picornavirales;								No_match_to_candidate_panel	97.95	44.16	1.54	4.56	Low_read_support
k141_9902	1920	No terminal repeats	3	0.9769	1	5.1548	Viruses;Duplodnaviria;Heunggongvirae;Uroviricota;Caudoviricetes;;								No_match_to_candidate_panel	97.40	59.27	7.76	5.45	Moderate_read_support
k141_3450	1903	No terminal repeats	1	0.9723	1	1.7183	Viruses;Riboviria;Orthornavirae;Kitrinoviricota;Magsaviricetes;Nodamuvirales;								No_match_to_candidate_panel	95.27	43.51	3.68	4.35	Low_read_support
k141_4033	1872	No terminal repeats	3	0.9690	1	3.1005	Viruses;Duplodnaviria;Heunggongvirae;Uroviricota;Caudoviricetes;;								No_match_to_candidate_panel	100.00	26.71	0.00	3.45	Low_read_support
k141_6919	1851	No terminal repeats	5	0.7350	2	3.1507	Viruses;Duplodnaviria;Heunggongvirae;Uroviricota;Caudoviricetes;;								No_match_to_candidate_panel	96.27	52.84	28.80	7.18	Moderate_read_support
k141_6304	1848	No terminal repeats	2	0.9025	1	1.4749	Viruses;Duplodnaviria;Heunggongvirae;Uroviricota;Caudoviricetes;;								No_match_to_candidate_panel	100.00	43.61	17.05	5.32	Low_read_support
k141_7810	1825	No terminal repeats	5	0.8662	1	1.4949	Viruses;Duplodnaviria;Heunggongvirae;Uroviricota;Caudoviricetes;;								No_match_to_candidate_panel	99.78	37.21	14.63	4.74	Low_read_support
k141_1988	1816	No terminal repeats	2	0.9725	2	2.5967	Viruses;Monodnaviria;Shotokuvirae;Cressdnaviricota;Arfiviricetes;Cirlivirales;Circoviridae								No_match_to_candidate_panel	98.35	46.09	16.30	4.93	Low_read_support
k141_1299	1799	No terminal repeats	2	0.9678	1	1.7183	Viruses;Riboviria;Orthornavirae;Kitrinoviricota;Tolucaviricetes;Tolivirales;Tombusviridae								No_match_to_candidate_panel	98.83	91.94	88.55	36.47	High_read_support
k141_6047	1791	No terminal repeats	2	0.9752	2	2.8045	Viruses;Duplodnaviria;Heunggongvirae;Uroviricota;Caudoviricetes;;								No_match_to_candidate_panel	100.00	76.66	47.18	8.96	Moderate_read_support
k141_14040	1787	DTR	3	0.9419	1	0.8784	Viruses;Monodnaviria;Shotokuvirae;Cressdnaviricota;Arfiviricetes;Cirlivirales;Circoviridae								No_match_to_candidate_panel	96.25	72.52	13.21	6.15	Moderate_read_support
k141_11640	1775	No terminal repeats	2	0.9698	1	3.4366	Viruses;Riboviria;Orthornavirae;Kitrinoviricota;Alsuviricetes;Martellivirales;Bromoviridae	NC_001801.1	CGMMV	99.4	1666	100.0	0.0	3022.0	Strong_panel_match	99.89	55.21	17.13	5.79	Moderate_read_support
k141_4398	1733	No terminal repeats	2	0.9782	2	3.4366	Viruses;Riboviria;Orthornavirae;Pisuviricota;Stelpaviricetes;Stellavirales;Astroviridae								No_match_to_candidate_panel	97.29	14.37	0.00	2.64	Low_read_support
k141_7969	1722	No terminal repeats	4	0.8628	1	1.7183	Viruses;Duplodnaviria;Heunggongvirae;Uroviricota;Caudoviricetes;;								No_match_to_candidate_panel	98.14	34.79	0.00	3.34	Low_read_support
k141_5959	1674	No terminal repeats	2	0.9478	1	1.7183	Viruses;Duplodnaviria;Heunggongvirae;Uroviricota;Caudoviricetes;;								No_match_to_candidate_panel	98.86	25.81	0.00	3.37	Low_read_support
k141_6875	1649	No terminal repeats	2	0.9784	1	3.2711	Viruses;Monodnaviria;Sangervirae;Phixviricota;Malgrandaviricetes;Petitvirales;Microviridae								No_match_to_candidate_panel	100.00	75.74	45.30	8.52	Moderate_read_support
k141_9273	1645	No terminal repeats	3	0.9418	1	3.4267	Viruses;Duplodnaviria;Heunggongvirae;Uroviricota;Caudoviricetes;;								No_match_to_candidate_panel	96.47	38.60	2.74	4.47	Low_read_support
k141_2243	1644	No terminal repeats	2	0.9470	1	1.7183	Viruses;Duplodnaviria;Heunggongvirae;Uroviricota;Caudoviricetes;;								No_match_to_candidate_panel	99.82	38.32	0.18	4.39	Low_read_support
k141_1679	1643	No terminal repeats	3	0.9716	1	3.1328	Viruses;Monodnaviria;Sangervirae;Phixviricota;Malgrandaviricetes;Petitvirales;Microviridae								No_match_to_candidate_panel	100.00	57.27	13.94	6.08	Moderate_read_support
k141_12758	1622	No terminal repeats	3	0.9738	1	4.5936	Viruses;Duplodnaviria;Heunggongvirae;Uroviricota;Caudoviricetes;;								No_match_to_candidate_panel	99.94	33.79	0.06	3.91	Low_read_support
k141_12110	1615	No terminal repeats	3	0.9746	1	3.2504	Viruses;Monodnaviria;Sangervirae;Phixviricota;Malgrandaviricetes;Petitvirales;Microviridae								No_match_to_candidate_panel	99.94	38.14	0.00	3.87	Low_read_support
k141_6525	1615	No terminal repeats	3	0.9531	1	3.4366	Viruses;Duplodnaviria;Heunggongvirae;Uroviricota;Caudoviricetes;;								No_match_to_candidate_panel	100.00	53.50	3.72	4.87	Moderate_read_support
k141_212	1587	No terminal repeats	2	0.9676	1	1.7183	Viruses;Riboviria;Orthornavirae;Kitrinoviricota;Magsaviricetes;Nodamuvirales;Nodaviridae								No_match_to_candidate_panel	99.24	34.66	0.00	3.82	Low_read_support
k141_5005	1571	No terminal repeats	1	0.9684	1	1.7183	Viruses;Riboviria;Orthornavirae;Pisuviricota;Stelpaviricetes;Stellavirales;Astroviridae								No_match_to_candidate_panel	94.40	27.24	0.00	3.80	Low_read_support
k141_3267	1560	No terminal repeats	1	0.9741	1	1.7183	Viruses;Riboviria;;;;;								No_match_to_candidate_panel	100.00	68.91	22.05	6.72	Moderate_read_support
k141_2609	1553	No terminal repeats	2	0.9708	1	1.7183	Viruses;Duplodnaviria;Heunggongvirae;Uroviricota;Caudoviricetes;Crassvirales;	NC_049977.1	crAss001	94.265	1552	99.0	0.0	2370.0	Moderate_panel_match	93.50	5.22	0.00	1.94	Low_read_support
k141_636	1528	No terminal repeats	1	0.9424	1	1.7183	Viruses;Duplodnaviria;Heunggongvirae;Uroviricota;Caudoviricetes;;								No_match_to_candidate_panel	100.00	31.02	0.00	3.82	Low_read_support
k141_8810	1527	No terminal repeats	1	0.9742	1	1.7183	Viruses;Riboviria;Orthornavirae;Kitrinoviricota;Magsaviricetes;Nodamuvirales;Nodaviridae								No_match_to_candidate_panel	96.92	77.34	63.79	12.66	Moderate_read_support
k141_886	1524	No terminal repeats	1	0.9679	1	1.7183	Viruses;Riboviria;Orthornavirae;Lenarviricota;Leviviricetes;Norzivirales;Fiersviridae								No_match_to_candidate_panel	99.93	11.15	0.00	3.08	Low_read_support
k141_10411	1520	No terminal repeats	3	0.9487	1	2.9492	Viruses;Duplodnaviria;Heunggongvirae;Uroviricota;Caudoviricetes;;								No_match_to_candidate_panel	100.00	89.28	80.72	36.23	High_read_support
k141_6263	1516	No terminal repeats	2	0.8776	1	1.7164	Viruses;Duplodnaviria;Heunggongvirae;Uroviricota;Caudoviricetes;;								No_match_to_candidate_panel	91.75	13.79	0.00	2.38	Low_read_support
k141_7549	1509	No terminal repeats	2	0.9693	1	1.7183	Viruses;Riboviria;Orthornavirae;Pisuviricota;Pisoniviricetes;Picornavirales;								No_match_to_candidate_panel	100.00	7.36	0.00	2.93	Low_read_support
k141_798	1508	No terminal repeats	1	0.9721	1	1.7183	Viruses;Riboviria;Orthornavirae;Pisuviricota;Pisoniviricetes;Picornavirales;								No_match_to_candidate_panel	100.00	68.63	8.69	6.10	Moderate_read_support
k141_13296	1506	No terminal repeats	2	0.9528	2	3.0563	Viruses;Duplodnaviria;Heunggongvirae;Uroviricota;Caudoviricetes;;								No_match_to_candidate_panel	100.00	29.68	0.00	3.74	Low_read_support
k141_4661	1501	No terminal repeats	2	0.9363	1	1.7183	Viruses;Monodnaviria;Shotokuvirae;Cressdnaviricota;Repensiviricetes;Geplafuvirales;Genomoviridae								No_match_to_candidate_panel	92.07	56.36	7.53	5.10	Moderate_read_support
k141_3035	1500	No terminal repeats	2	0.9549	1	1.7183	Viruses;Riboviria;Orthornavirae;Kitrinoviricota;Tolucaviricetes;Tolivirales;Tombusviridae								No_match_to_candidate_panel	99.87	18.60	0.00	2.91	Low_read_support
k141_11650	1499	No terminal repeats	1	0.9747	1	1.7183	Viruses;Riboviria;Orthornavirae;Kitrinoviricota;Tolucaviricetes;Tolivirales;Tombusviridae								No_match_to_candidate_panel	99.93	95.80	89.33	33.68	High_read_support
k141_11103	1494	No terminal repeats	1	0.9643	1	1.7183	Viruses;Duplodnaviria;Heunggongvirae;Uroviricota;Caudoviricetes;Crassvirales;								No_match_to_candidate_panel	96.85	57.23	6.29	4.84	Moderate_read_support
k141_4388	1483	No terminal repeats	3	0.9253	1	1.7183	Viruses;Duplodnaviria;Heunggongvirae;Uroviricota;Caudoviricetes;;								No_match_to_candidate_panel	99.26	22.66	0.00	2.99	Low_read_support
k141_5832	1481	No terminal repeats	2	0.9356	1	1.7183	Viruses;Riboviria;Orthornavirae;Pisuviricota;Pisoniviricetes;Picornavirales;								No_match_to_candidate_panel	92.37	66.78	15.87	5.99	Moderate_read_support
k141_5041	1477	No terminal repeats	2	0.8953	1	1.7183	Viruses;Duplodnaviria;Heunggongvirae;Uroviricota;Caudoviricetes;;								No_match_to_candidate_panel	88.22	15.30	0.00	2.28	Low_read_support
k141_4738	1474	No terminal repeats	2	0.9626	1	1.7183	Viruses;Riboviria;Orthornavirae;Pisuviricota;Pisoniviricetes;Picornavirales;								No_match_to_candidate_panel	99.25	70.15	8.34	6.00	Moderate_read_support
k141_10148	1474	No terminal repeats	1	0.9626	1	1.7183	Viruses;Riboviria;Orthornavirae;Kitrinoviricota;Magsaviricetes;Nodamuvirales;Nodaviridae								No_match_to_candidate_panel	100.00	49.39	1.97	4.68	Low_read_support
k141_13721	1463	No terminal repeats	2	0.9674	2	3.4366	Viruses;Monodnaviria;Shotokuvirae;Cressdnaviricota;Repensiviricetes;Geplafuvirales;Genomoviridae								No_match_to_candidate_panel	99.93	70.13	42.79	10.04	Moderate_read_support
k141_6137	1457	No terminal repeats	1	0.9289	1	1.1999	Viruses;Duplodnaviria;Heunggongvirae;Uroviricota;Caudoviricetes;;								No_match_to_candidate_panel	99.93	8.03	0.00	2.70	Low_read_support
k141_4727	1452	No terminal repeats	3	0.8749	1	0.9613	Viruses;Monodnaviria;Shotokuvirae;Cressdnaviricota;Arfiviricetes;Cirlivirales;								No_match_to_candidate_panel	84.57	13.02	0.00	2.29	Low_read_support
k141_8071	1451	No terminal repeats	2	0.9534	1	1.7183	Viruses;Riboviria;Orthornavirae;Kitrinoviricota;Magsaviricetes;Nodamuvirales;Nodaviridae								No_match_to_candidate_panel	100.00	95.31	73.74	11.78	Moderate_read_support
k141_4198	1446	No terminal repeats	2	0.9518	1	1.7183	Viruses;Riboviria;Orthornavirae;Kitrinoviricota;Magsaviricetes;Nodamuvirales;Nodaviridae								No_match_to_candidate_panel	100.00	37.62	0.00	3.99	Low_read_support
k141_9965	1444	No terminal repeats	2	0.8861	1	0.9613	Viruses;Monodnaviria;Shotokuvirae;Cressdnaviricota;Arfiviricetes;Cirlivirales;								No_match_to_candidate_panel	99.93	58.66	5.12	5.06	Moderate_read_support
k141_9623	1441	No terminal repeats	2	0.9438	1	1.7183	Viruses;Riboviria;Orthornavirae;Kitrinoviricota;Magsaviricetes;Nodamuvirales;Nodaviridae								No_match_to_candidate_panel	89.10	75.85	51.42	10.93	Moderate_read_support
k141_9882	1437	No terminal repeats	4	0.8622	1	1.5070	Viruses;Duplodnaviria;Heunggongvirae;Uroviricota;Caudoviricetes;;								No_match_to_candidate_panel	98.82	16.70	0.00	2.74	Low_read_support
k141_6717	1434	No terminal repeats	2	0.8699	1	1.2011	Viruses;Duplodnaviria;Heunggongvirae;Uroviricota;Caudoviricetes;;								No_match_to_candidate_panel	99.93	19.53	0.00	3.22	Low_read_support
k141_9949	1429	No terminal repeats	3	0.9676	2	3.4366	Viruses;Riboviria;Orthornavirae;Lenarviricota;Leviviricetes;Norzivirales;Fiersviridae								No_match_to_candidate_panel	98.04	10.43	0.00	2.74	Low_read_support
k141_12037	1419	No terminal repeats	1	0.9699	1	1.7183	Viruses;Duplodnaviria;Heunggongvirae;Uroviricota;Caudoviricetes;Crassvirales;								No_match_to_candidate_panel	93.02	38.20	18.75	5.17	Low_read_support
k141_9052	1417	No terminal repeats	2	0.9772	1	3.4366	Viruses;Riboviria;Orthornavirae;Kitrinoviricota;Alsuviricetes;Martellivirales;Virgaviridae	NC_001801.1	CGMMV	99.506	1416	99.0	0.0	2575.0	Strong_panel_match	100.00	80.31	62.81	11.46	Moderate_read_support
k141_10275	1409	No terminal repeats	1	0.9674	1	1.7183	Viruses;Riboviria;Orthornavirae;Kitrinoviricota;Magsaviricetes;Nodamuvirales;Nodaviridae								No_match_to_candidate_panel	99.93	39.89	0.21	4.19	Low_read_support
k141_10348	1407	No terminal repeats	1	0.9656	1	1.7183	Viruses;Riboviria;Orthornavirae;Kitrinoviricota;Magsaviricetes;Nodamuvirales;Nodaviridae								No_match_to_candidate_panel	100.00	50.18	0.00	4.45	Moderate_read_support
k141_6073	1403	No terminal repeats	3	0.8293	1	3.2624	Viruses;Duplodnaviria;Heunggongvirae;Uroviricota;Caudoviricetes;;								No_match_to_candidate_panel	100.00	28.30	0.00	3.64	Low_read_support
k141_7980	1397	No terminal repeats	2	0.9553	1	1.7183	Viruses;Duplodnaviria;Heunggongvirae;Uroviricota;Caudoviricetes;;								No_match_to_candidate_panel	97.85	12.46	0.00	2.97	Low_read_support
k141_12601	1396	No terminal repeats	2	0.9591	1	1.7183	Viruses;Riboviria;Orthornavirae;Kitrinoviricota;Alsuviricetes;Tymovirales;Betaflexiviridae								No_match_to_candidate_panel	86.89	33.09	0.64	3.31	Low_read_support
k141_13490	1389	No terminal repeats	3	0.9814	3	5.1548	Viruses;Riboviria;Orthornavirae;Lenarviricota;Leviviricetes;Norzivirales;Fiersviridae								No_match_to_candidate_panel	99.78	70.48	61.77	10.68	Moderate_read_support
k141_6809	1388	No terminal repeats	2	0.9472	1	1.4774	Viruses;Monodnaviria;Shotokuvirae;Cressdnaviricota;Arfiviricetes;Mulpavirales;Nanoviridae								No_match_to_candidate_panel	95.89	75.79	10.81	5.97	Moderate_read_support
k141_13383	1387	No terminal repeats	1	0.9734	1	1.7183	Viruses;Riboviria;Orthornavirae;Kitrinoviricota;Tolucaviricetes;Tolivirales;Tombusviridae								No_match_to_candidate_panel	99.93	46.14	5.70	4.75	Low_read_support
k141_9172	1386	No terminal repeats	2	0.8654	1	1.7183	Viruses;Duplodnaviria;Heunggongvirae;Uroviricota;Caudoviricetes;;								No_match_to_candidate_panel	99.86	33.48	0.00	3.52	Low_read_support
k141_1275	1384	No terminal repeats	2	0.9761	2	3.4366	Viruses;Duplodnaviria;Heunggongvirae;Uroviricota;Caudoviricetes;Crassvirales;								No_match_to_candidate_panel	98.05	38.44	1.08	4.40	Low_read_support
k141_11093	1384	No terminal repeats	1	0.8799	1	1.3173	Viruses;Riboviria;;;;;								No_match_to_candidate_panel	100.00	59.97	25.29	6.48	Moderate_read_support
k141_7324	1377	No terminal repeats	4	0.7846	1	1.4563	Viruses;Duplodnaviria;Heunggongvirae;Uroviricota;Caudoviricetes;;								No_match_to_candidate_panel	99.64	5.30	0.00	2.23	Low_read_support
k141_8764	1368	No terminal repeats	2	0.8731	1	1.3471	Viruses;Duplodnaviria;Heunggongvirae;Uroviricota;Caudoviricetes;;								No_match_to_candidate_panel	100.00	21.05	0.00	3.19	Low_read_support
k141_1355	1361	No terminal repeats	4	0.9626	3	5.1548	Viruses;Monodnaviria;Sangervirae;Phixviricota;Malgrandaviricetes;Petitvirales;Microviridae								No_match_to_candidate_panel	96.33	77.08	58.71	27.55	Moderate_read_support
k141_426	1359	No terminal repeats	1	0.9678	1	1.7183	Viruses;Duplodnaviria;Heunggongvirae;Uroviricota;Caudoviricetes;Crassvirales;								No_match_to_candidate_panel	99.93	25.68	0.00	3.25	Low_read_support
k141_7108	1354	No terminal repeats	2	0.9660	1	1.7183	Viruses;Riboviria;Orthornavirae;Kitrinoviricota;Tolucaviricetes;Tolivirales;Tombusviridae								No_match_to_candidate_panel	99.93	53.47	18.69	5.78	Moderate_read_support
k141_5783	1352	No terminal repeats	3	0.9273	1	3.3769	Viruses;Monodnaviria;Shotokuvirae;Cressdnaviricota;Arfiviricetes;Cirlivirales;Circoviridae								No_match_to_candidate_panel	71.45	16.94	0.00	2.22	Low_read_support
k141_9797	1347	No terminal repeats	2	0.9779	2	3.4366	Viruses;Riboviria;Orthornavirae;Lenarviricota;Leviviricetes;;								No_match_to_candidate_panel	97.33	50.85	17.22	5.12	Moderate_read_support
k141_7358	1345	No terminal repeats	4	0.9328	2	3.4366	Viruses;Duplodnaviria;Heunggongvirae;Uroviricota;Caudoviricetes;;								No_match_to_candidate_panel	97.99	37.47	5.28	4.13	Low_read_support
k141_10248	1343	No terminal repeats	2	0.9035	1	0.8784	Viruses;Monodnaviria;Shotokuvirae;Cressdnaviricota;Arfiviricetes;Cirlivirales;Circoviridae								No_match_to_candidate_panel	99.78	73.12	35.07	7.41	Moderate_read_support
k141_8477	1338	No terminal repeats	1	0.9751	1	1.5240	Viruses;Duplodnaviria;Heunggongvirae;Uroviricota;Caudoviricetes;;								No_match_to_candidate_panel	91.03	25.26	0.00	3.41	Low_read_support
k141_12750	1331	No terminal repeats	2	0.9389	1	1.7183	Viruses;Duplodnaviria;Heunggongvirae;Uroviricota;Caudoviricetes;;Autographiviridae								No_match_to_candidate_panel	100.00	1.28	0.00	2.32	Low_read_support
k141_9162	1327	No terminal repeats	2	0.9735	1	3.4366	Viruses;Duplodnaviria;Heunggongvirae;Uroviricota;Caudoviricetes;Crassvirales;								No_match_to_candidate_panel	99.85	52.30	10.02	5.15	Moderate_read_support
k141_13894	1318	No terminal repeats	1	0.8734	1	1.7183	Viruses;Monodnaviria;Shotokuvirae;Cressdnaviricota;Repensiviricetes;Geplafuvirales;Genomoviridae								No_match_to_candidate_panel	90.36	71.85	36.34	7.85	Moderate_read_support
k141_13235	1318	No terminal repeats	1	0.8592	1	1.7133	Viruses;Duplodnaviria;Heunggongvirae;Uroviricota;Caudoviricetes;;								No_match_to_candidate_panel	99.85	24.20	0.00	3.48	Low_read_support
k141_13961	1313	No terminal repeats	4	0.8303	1	1.7183	Viruses;Duplodnaviria;Heunggongvirae;Uroviricota;Caudoviricetes;;								No_match_to_candidate_panel	99.85	15.84	0.00	3.19	Low_read_support
k141_5348	1307	No terminal repeats	3	0.9716	3	4.2049	Viruses;Duplodnaviria;Heunggongvirae;Uroviricota;Caudoviricetes;;								No_match_to_candidate_panel	99.39	51.26	8.49	4.68	Moderate_read_support
k141_6040	1303	No terminal repeats	1	0.8970	1	1.2284	Viruses;Duplodnaviria;Heunggongvirae;Uroviricota;Caudoviricetes;;								No_match_to_candidate_panel	99.92	8.98	0.00	2.70	Low_read_support
k141_6908	1302	No terminal repeats	1	0.9101	1	1.5528	Viruses;Monodnaviria;Sangervirae;Phixviricota;Malgrandaviricetes;Petitvirales;Microviridae								No_match_to_candidate_panel	92.17	0.77	0.00	2.02	Low_read_support
k141_893	1296	No terminal repeats	1	0.9741	1	1.7183	Viruses;Riboviria;Orthornavirae;Kitrinoviricota;Tolucaviricetes;Tolivirales;Tombusviridae								No_match_to_candidate_panel	100.00	95.68	89.81	30.95	High_read_support
k141_7411	1296	No terminal repeats	4	0.9671	1	4.7107	Viruses;Duplodnaviria;Heunggongvirae;Uroviricota;Caudoviricetes;;								No_match_to_candidate_panel	99.77	32.79	12.73	4.27	Low_read_support
k141_12488	1287	No terminal repeats	3	0.8514	1	1.4209	Viruses;Duplodnaviria;Heunggongvirae;Uroviricota;Caudoviricetes;;								No_match_to_candidate_panel	100.00	58.66	16.39	5.81	Moderate_read_support
k141_6900	1285	No terminal repeats	3	0.8507	1	1.7183	Viruses;Monodnaviria;Shotokuvirae;Cossaviricota;Papovaviricetes;Zurhausenvirales;Papillomaviridae								No_match_to_candidate_panel	98.13	85.84	52.37	9.04	Moderate_read_support
k141_825	1280	No terminal repeats	2	0.8886	1	1.5528	Viruses;Monodnaviria;Sangervirae;Phixviricota;Malgrandaviricetes;Petitvirales;Microviridae								No_match_to_candidate_panel	99.92	29.69	0.00	3.15	Low_read_support
k141_5383	1275	No terminal repeats	1	0.9713	1	1.7183	Viruses;Monodnaviria;Sangervirae;Phixviricota;Malgrandaviricetes;Petitvirales;Microviridae								No_match_to_candidate_panel	100.00	22.51	0.00	2.86	Low_read_support
k141_6085	1264	No terminal repeats	1	0.9706	1	1.7183	Viruses;Duplodnaviria;Heunggongvirae;Uroviricota;Caudoviricetes;;								No_match_to_candidate_panel	99.53	0.00	0.00	2.09	Low_read_support
k141_6618	1256	No terminal repeats	2	0.8698	1	1.7183	Viruses;Duplodnaviria;Heunggongvirae;Uroviricota;Caudoviricetes;;								No_match_to_candidate_panel	96.74	7.17	0.00	2.26	Low_read_support
k141_1316	1253	No terminal repeats	3	0.9238	1	1.7183	Viruses;Riboviria;Orthornavirae;Pisuviricota;Pisoniviricetes;Picornavirales;								No_match_to_candidate_panel	99.84	26.74	11.73	3.75	Low_read_support
k141_1388	1242	No terminal repeats	2	0.9210	1	1.4865	Viruses;Monodnaviria;Shotokuvirae;Cressdnaviricota;Repensiviricetes;Geplafuvirales;Geminiviridae								No_match_to_candidate_panel	100.00	88.73	79.63	20.30	Moderate_read_support
k141_1798	1229	No terminal repeats	1	0.8902	1	1.7096	Viruses;Duplodnaviria;Heunggongvirae;Uroviricota;Caudoviricetes;;								No_match_to_candidate_panel	99.51	54.68	7.81	5.18	Moderate_read_support
k141_10334	1228	No terminal repeats	1	0.9740	1	1.7183	Viruses;Monodnaviria;Sangervirae;Phixviricota;Malgrandaviricetes;Petitvirales;Microviridae								No_match_to_candidate_panel	95.77	31.51	8.88	3.80	Low_read_support
k141_2986	1228	No terminal repeats	4	0.9466	1	1.5322	Viruses;Monodnaviria;Sangervirae;Phixviricota;Malgrandaviricetes;Petitvirales;Microviridae								No_match_to_candidate_panel	99.92	45.85	31.19	6.25	Low_read_support
k141_1834	1226	No terminal repeats	3	0.9332	1	3.4255	Viruses;Duplodnaviria;Heunggongvirae;Uroviricota;Caudoviricetes;;								No_match_to_candidate_panel	84.67	25.69	10.28	3.48	Low_read_support
k141_10963	1225	No terminal repeats	2	0.9123	1	1.4520	Viruses;Duplodnaviria;Heunggongvirae;Uroviricota;Caudoviricetes;;								No_match_to_candidate_panel	99.84	98.29	94.61	32.44	High_read_support
k141_3671	1225	No terminal repeats	2	0.7545	1	1.7084	Viruses;Duplodnaviria;Heunggongvirae;Uroviricota;Caudoviricetes;;								No_match_to_candidate_panel	92.49	63.35	7.59	5.38	Moderate_read_support
k141_2356	1222	No terminal repeats	2	0.9731	1	3.4366	Viruses;Riboviria;Orthornavirae;Kitrinoviricota;Alsuviricetes;Martellivirales;Bromoviridae	NC_004422.1	Youcai_mosaic_virus	93.429	1111	91.0	0.0	1648.0	Moderate_panel_match	93.04	61.78	46.32	8.24	Moderate_read_support
k141_12456	1219	No terminal repeats	1	0.9745	1	1.7183	Viruses;Riboviria;Orthornavirae;Kitrinoviricota;Magsaviricetes;Nodamuvirales;Nodaviridae								No_match_to_candidate_panel	100.00	64.81	27.15	7.57	Moderate_read_support
k141_112	1215	No terminal repeats	2	0.9678	1	3.4366	Viruses;Duplodnaviria;Heunggongvirae;Uroviricota;Caudoviricetes;;								No_match_to_candidate_panel	99.84	2.47	0.00	2.32	Low_read_support
k141_3744	1207	No terminal repeats	2	0.9557	1	1.7183	Viruses;Duplodnaviria;Heunggongvirae;Uroviricota;Caudoviricetes;;								No_match_to_candidate_panel	98.26	21.87	0.00	3.22	Low_read_support
k141_8564	1201	No terminal repeats	3	0.9730	1	5.0680	Viruses;Duplodnaviria;Heunggongvirae;Uroviricota;Caudoviricetes;;Schitoviridae								No_match_to_candidate_panel	99.67	0.00	0.00	1.72	Low_read_support
k141_10796	1184	No terminal repeats	4	0.9567	2	5.1548	Viruses;Duplodnaviria;Heunggongvirae;Uroviricota;Caudoviricetes;;								No_match_to_candidate_panel	88.43	0.00	0.00	1.27	Low_read_support
k141_12437	1177	No terminal repeats	2	0.9775	1	3.4366	Viruses;Duplodnaviria;Heunggongvirae;Uroviricota;Caudoviricetes;;								No_match_to_candidate_panel	99.83	21.07	0.00	3.29	Low_read_support
k141_13129	1174	No terminal repeats	1	0.9702	1	1.7183	Viruses;Riboviria;Orthornavirae;Kitrinoviricota;Magsaviricetes;Nodamuvirales;								No_match_to_candidate_panel	100.00	34.41	0.00	3.58	Low_read_support
k141_6441	1169	No terminal repeats	1	0.9674	1	1.7183	Viruses;Riboviria;Orthornavirae;Pisuviricota;Pisoniviricetes;Picornavirales;Picornaviridae								No_match_to_candidate_panel	90.16	2.74	0.00	2.35	Low_read_support
k141_12373	1165	No terminal repeats	1	0.9032	1	1.5151	Viruses;Duplodnaviria;Heunggongvirae;Uroviricota;Caudoviricetes;;								No_match_to_candidate_panel	99.91	33.30	0.00	4.06	Low_read_support
k141_7983	1165	No terminal repeats	2	0.8991	1	1.7183	Viruses;Duplodnaviria;Heunggongvirae;Uroviricota;Caudoviricetes;;								No_match_to_candidate_panel	98.11	20.69	0.00	2.86	Low_read_support
k141_5407	1163	No terminal repeats	1	0.9525	1	1.4774	Viruses;Monodnaviria;Shotokuvirae;Cressdnaviricota;Arfiviricetes;Mulpavirales;Nanoviridae								No_match_to_candidate_panel	91.32	40.15	0.00	3.72	Low_read_support
k141_7742	1162	No terminal repeats	1	0.9699	1	1.7183	Viruses;Riboviria;Orthornavirae;Kitrinoviricota;Tolucaviricetes;Tolivirales;Tombusviridae								No_match_to_candidate_panel	100.00	88.30	65.15	10.63	Moderate_read_support
k141_6064	1155	No terminal repeats	2	0.7600	1	1.7183	Viruses;Monodnaviria;Shotokuvirae;Cressdnaviricota;Repensiviricetes;Geplafuvirales;Genomoviridae								No_match_to_candidate_panel	100.00	30.48	11.95	3.87	Low_read_support
k141_14021	1153	DTR	3	0.9509	1	1.7183	Viruses;Monodnaviria;Shotokuvirae;Cressdnaviricota;;;								No_match_to_candidate_panel	92.19	25.07	0.00	3.04	Low_read_support
k141_11651	1147	No terminal repeats	1	0.9705	1	1.7183	Viruses;Riboviria;Orthornavirae;Pisuviricota;Pisoniviricetes;Picornavirales;Picornaviridae								No_match_to_candidate_panel	100.00	9.68	0.00	2.48	Low_read_support
k141_7275	1143	No terminal repeats	1	0.9594	1	1.7183	Viruses;Riboviria;Orthornavirae;Kitrinoviricota;Magsaviricetes;Nodamuvirales;								No_match_to_candidate_panel	99.04	44.27	24.32	5.73	Low_read_support
k141_13041	1143	No terminal repeats	3	0.8817	2	3.4366	Viruses;Monodnaviria;Sangervirae;Phixviricota;Malgrandaviricetes;Petitvirales;Microviridae								No_match_to_candidate_panel	100.00	74.98	41.99	8.82	Moderate_read_support
k141_11122	1142	No terminal repeats	1	0.9284	1	1.7183	Viruses;Riboviria;Orthornavirae;Kitrinoviricota;Magsaviricetes;Nodamuvirales;Nodaviridae								No_match_to_candidate_panel	99.91	13.84	0.00	3.03	Low_read_support
k141_1232	1134	No terminal repeats	2	0.9688	1	1.5322	Viruses;Monodnaviria;Sangervirae;Phixviricota;Malgrandaviricetes;Petitvirales;Microviridae								No_match_to_candidate_panel	88.62	21.69	0.00	2.99	Low_read_support
k141_332	1131	No terminal repeats	2	0.8322	1	1.4007	Viruses;Duplodnaviria;Heunggongvirae;Uroviricota;Caudoviricetes;;								No_match_to_candidate_panel	92.13	35.19	3.54	4.18	Low_read_support
k141_4904	1129	No terminal repeats	2	0.9537	1	1.7183	Viruses;Duplodnaviria;Heunggongvirae;Uroviricota;Caudoviricetes;;Autographiviridae								No_match_to_candidate_panel	99.82	0.00	0.00	1.57	Low_read_support
k141_11356	1128	No terminal repeats	1	0.9459	1	1.5164	Viruses;Duplodnaviria;Heunggongvirae;Uroviricota;Caudoviricetes;;								No_match_to_candidate_panel	100.00	19.68	0.00	3.24	Low_read_support
k141_429	1119	No terminal repeats	1	0.9660	1	1.7183	Viruses;Duplodnaviria;Heunggongvirae;Uroviricota;Caudoviricetes;Crassvirales;								No_match_to_candidate_panel	99.91	30.38	0.00	3.57	Low_read_support
k141_2641	1114	No terminal repeats	1	0.9421	1	1.7183	Viruses;Monodnaviria;Shotokuvirae;Cressdnaviricota;;;								No_match_to_candidate_panel	96.50	83.21	30.61	7.57	Moderate_read_support
k141_6068	1113	No terminal repeats	2	0.9696	1	1.5528	Viruses;Monodnaviria;Sangervirae;Phixviricota;Malgrandaviricetes;Petitvirales;Microviridae								No_match_to_candidate_panel	96.14	45.55	0.63	3.99	Low_read_support
k141_13417	1108	No terminal repeats	2	0.9635	1	3.4366	Viruses;Duplodnaviria;Heunggongvirae;Uroviricota;Caudoviricetes;;								No_match_to_candidate_panel	99.91	0.00	0.00	2.10	Low_read_support
k141_3248	1103	No terminal repeats	2	0.9743	1	3.4366	Viruses;Duplodnaviria;Heunggongvirae;Uroviricota;Caudoviricetes;;								No_match_to_candidate_panel	100.00	47.51	21.76	5.14	Low_read_support
k141_7998	1096	No terminal repeats	3	0.8539	1	1.7183	Viruses;Monodnaviria;Sangervirae;Phixviricota;Malgrandaviricetes;Petitvirales;Microviridae								No_match_to_candidate_panel	100.00	44.89	8.21	4.48	Low_read_support
k141_13298	1091	No terminal repeats	3	0.9600	2	3.4366	Viruses;Monodnaviria;Shotokuvirae;Cressdnaviricota;Repensiviricetes;Geplafuvirales;Genomoviridae								No_match_to_candidate_panel	100.00	73.24	23.28	6.60	Moderate_read_support
k141_782	1090	No terminal repeats	1	0.9695	1	1.7183	Viruses;Riboviria;Orthornavirae;Kitrinoviricota;Tolucaviricetes;Tolivirales;Tombusviridae								No_match_to_candidate_panel	100.00	48.44	3.39	4.48	Low_read_support
k141_9063	1090	No terminal repeats	2	0.8295	1	1.7183	Viruses;Duplodnaviria;Heunggongvirae;Uroviricota;Caudoviricetes;;								No_match_to_candidate_panel	96.51	54.04	11.56	5.20	Moderate_read_support
k141_11870	1086	No terminal repeats	3	0.9611	1	3.4366	Viruses;Monodnaviria;Sangervirae;Phixviricota;Malgrandaviricetes;Petitvirales;Microviridae								No_match_to_candidate_panel	100.00	50.28	2.85	4.70	Moderate_read_support
k141_4249	1086	No terminal repeats	1	0.9377	1	1.4865	Viruses;Monodnaviria;Shotokuvirae;Cressdnaviricota;Repensiviricetes;Geplafuvirales;Geminiviridae								No_match_to_candidate_panel	100.00	87.02	83.61	20.02	High_read_support
k141_4523	1086	No terminal repeats	3	0.9108	2	2.8013	Viruses;Duplodnaviria;Heunggongvirae;Uroviricota;Caudoviricetes;;								No_match_to_candidate_panel	76.34	0.00	0.00	1.27	Low_read_support
k141_6396	1083	No terminal repeats	1	0.9723	1	1.7183	Viruses;Riboviria;Orthornavirae;Kitrinoviricota;Magsaviricetes;Nodamuvirales;Nodaviridae								No_match_to_candidate_panel	100.00	83.01	55.86	15.69	Moderate_read_support
k141_3041	1083	No terminal repeats	1	0.9001	1	1.4865	Viruses;Monodnaviria;Shotokuvirae;Cressdnaviricota;Repensiviricetes;Geplafuvirales;Geminiviridae								No_match_to_candidate_panel	100.00	60.20	1.11	5.06	Moderate_read_support
k141_4311	1081	No terminal repeats	1	0.9552	1	1.7183	Viruses;Riboviria;Orthornavirae;Lenarviricota;Leviviricetes;Norzivirales;Fiersviridae								No_match_to_candidate_panel	87.60	60.41	43.76	9.27	Moderate_read_support
k141_10528	1081	No terminal repeats	1	0.9546	1	1.7183	Viruses;Monodnaviria;Sangervirae;Phixviricota;Malgrandaviricetes;Petitvirales;Microviridae								No_match_to_candidate_panel	98.61	51.80	14.06	4.85	Moderate_read_support
k141_8551	1079	No terminal repeats	1	0.9579	1	1.7183	Viruses;Duplodnaviria;Heunggongvirae;Uroviricota;Caudoviricetes;Crassvirales;								No_match_to_candidate_panel	99.91	43.47	1.20	3.93	Low_read_support
k141_7929	1076	No terminal repeats	1	0.9243	1	1.1011	Viruses;Duplodnaviria;Heunggongvirae;Uroviricota;Caudoviricetes;;								No_match_to_candidate_panel	99.81	16.08	0.00	2.36	Low_read_support
k141_2911	1076	No terminal repeats	2	0.9176	1	1.7183	Viruses;Duplodnaviria;Heunggongvirae;Uroviricota;Caudoviricetes;;								No_match_to_candidate_panel	99.91	0.00	0.00	1.69	Low_read_support
k141_6491	1064	No terminal repeats	1	0.9716	1	1.4774	Viruses;Monodnaviria;Shotokuvirae;Cressdnaviricota;Arfiviricetes;Mulpavirales;Nanoviridae								No_match_to_candidate_panel	99.44	21.80	0.00	3.08	Low_read_support
k141_12506	1064	No terminal repeats	2	0.8328	1	1.7183	Viruses;Duplodnaviria;Heunggongvirae;Uroviricota;Caudoviricetes;Crassvirales;								No_match_to_candidate_panel	99.62	0.00	0.00	2.16	Low_read_support
k141_13997	1063	No terminal repeats	2	0.9079	1	1.7183	Viruses;Riboviria;Orthornavirae;Pisuviricota;Pisoniviricetes;Picornavirales;Picornaviridae								No_match_to_candidate_panel	99.44	76.58	27.56	8.07	Moderate_read_support
k141_752	1060	No terminal repeats	1	0.9717	1	1.5528	Viruses;Monodnaviria;Sangervirae;Phixviricota;Malgrandaviricetes;Petitvirales;Microviridae								No_match_to_candidate_panel	99.53	51.51	3.96	4.74	Moderate_read_support
k141_12233	1059	No terminal repeats	3	0.9632	3	5.1548	Viruses;Monodnaviria;Sangervirae;Phixviricota;Malgrandaviricetes;Petitvirales;Microviridae								No_match_to_candidate_panel	99.24	2.17	0.00	2.15	Low_read_support
k141_7993	1058	No terminal repeats	3	0.9785	1	5.1548	Viruses;Duplodnaviria;Heunggongvirae;Uroviricota;Caudoviricetes;;								No_match_to_candidate_panel	99.05	19.00	0.00	2.76	Low_read_support
k141_267	1056	No terminal repeats	3	0.8859	1	1.7183	Viruses;Duplodnaviria;Heunggongvirae;Uroviricota;Caudoviricetes;;								No_match_to_candidate_panel	97.16	33.71	0.00	3.62	Low_read_support
k141_1605	1055	No terminal repeats	3	0.9688	1	3.2610	Viruses;Monodnaviria;Sangervirae;Phixviricota;Malgrandaviricetes;Petitvirales;Microviridae								No_match_to_candidate_panel	100.00	0.00	0.00	2.16	Low_read_support
k141_117	1052	No terminal repeats	3	0.9545	1	3.1867	Viruses;Duplodnaviria;Heunggongvirae;Uroviricota;Caudoviricetes;;								No_match_to_candidate_panel	99.90	8.37	0.00	2.90	Low_read_support
k141_4746	1051	No terminal repeats	3	0.8861	1	1.4007	Viruses;Duplodnaviria;Heunggongvirae;Uroviricota;Caudoviricetes;;								No_match_to_candidate_panel	98.48	70.79	54.71	11.77	Moderate_read_support
k141_8399	1045	No terminal repeats	2	0.9013	1	1.7183	Viruses;Riboviria;Orthornavirae;Lenarviricota;Leviviricetes;Norzivirales;Fiersviridae								No_match_to_candidate_panel	99.71	12.44	0.00	2.23	Low_read_support
k141_7253	1044	No terminal repeats	1	0.9591	1	1.7183	Viruses;Riboviria;Orthornavirae;Kitrinoviricota;Magsaviricetes;Nodamuvirales;Nodaviridae								No_match_to_candidate_panel	99.90	63.60	16.95	6.03	Moderate_read_support
k141_5049	1041	No terminal repeats	1	0.9697	1	1.7183	Viruses;Monodnaviria;Shotokuvirae;Cressdnaviricota;;;								No_match_to_candidate_panel	99.62	22.09	0.00	3.39	Low_read_support
k141_8946	1033	No terminal repeats	2	0.9707	2	3.4366	Viruses;Riboviria;Orthornavirae;Lenarviricota;Leviviricetes;Norzivirales;Fiersviridae								No_match_to_candidate_panel	99.90	30.20	0.00	3.40	Low_read_support
k141_8219	1033	No terminal repeats	2	0.9609	1	2.9865	Viruses;Duplodnaviria;Heunggongvirae;Uroviricota;Caudoviricetes;;								No_match_to_candidate_panel	100.00	0.00	0.00	1.99	Low_read_support
k141_12692	1033	No terminal repeats	2	0.8192	1	0.9613	Viruses;Monodnaviria;Shotokuvirae;Cressdnaviricota;Arfiviricetes;Cirlivirales;								No_match_to_candidate_panel	99.81	7.16	0.00	2.42	Low_read_support
k141_12404	1031	No terminal repeats	1	0.7239	1	1.4007	Viruses;Duplodnaviria;Heunggongvirae;Uroviricota;Caudoviricetes;;								No_match_to_candidate_panel	99.90	0.00	0.00	2.46	Low_read_support
k141_10432	1030	No terminal repeats	1	0.9677	1	1.7183	Viruses;Duplodnaviria;Heunggongvirae;Uroviricota;Caudoviricetes;;								No_match_to_candidate_panel	100.00	45.83	0.00	4.29	Low_read_support
k141_957	1025	No terminal repeats	2	0.9370	1	1.7183	Viruses;Riboviria;Orthornavirae;Kitrinoviricota;Tolucaviricetes;Tolivirales;Tombusviridae								No_match_to_candidate_panel	99.90	13.37	0.00	2.78	Low_read_support
k141_9914	1023	No terminal repeats	1	0.9542	1	1.4774	Viruses;Monodnaviria;Shotokuvirae;Cressdnaviricota;Arfiviricetes;Mulpavirales;Nanoviridae								No_match_to_candidate_panel	99.90	24.63	0.00	3.15	Low_read_support
k141_12607	1017	No terminal repeats	1	0.8202	1	0.9613	Viruses;Monodnaviria;Shotokuvirae;Cressdnaviricota;Arfiviricetes;Cirlivirales;								No_match_to_candidate_panel	97.84	53.79	0.49	4.60	Moderate_read_support
k141_10900	1016	No terminal repeats	2	0.9703	2	2.9750	Viruses;Duplodnaviria;Heunggongvirae;Uroviricota;Caudoviricetes;;								No_match_to_candidate_panel	100.00	35.63	6.20	4.12	Low_read_support
k141_11683	1015	No terminal repeats	3	0.9587	2	3.2279	Viruses;Monodnaviria;Sangervirae;Phixviricota;Malgrandaviricetes;Petitvirales;Microviridae								No_match_to_candidate_panel	100.00	78.42	47.68	8.59	Moderate_read_support
k141_9352	1014	No terminal repeats	2	0.9425	1	1.7183	Viruses;Duplodnaviria;Heunggongvirae;Uroviricota;Caudoviricetes;;								No_match_to_candidate_panel	98.13	27.42	0.00	3.60	Low_read_support
k141_7488	1011	No terminal repeats	2	0.9747	1	1.5498	Viruses;Monodnaviria;Sangervirae;Phixviricota;Malgrandaviricetes;Petitvirales;Microviridae								No_match_to_candidate_panel	95.65	1.38	0.00	2.38	Low_read_support
k141_2171	1008	No terminal repeats	1	0.7239	1	1.2465	Viruses;Duplodnaviria;Heunggongvirae;Uroviricota;Caudoviricetes;;								No_match_to_candidate_panel	99.80	6.25	0.00	2.67	Low_read_support
k141_3218	1004	No terminal repeats	2	0.7225	1	1.7000	Viruses;Duplodnaviria;Heunggongvirae;Uroviricota;Caudoviricetes;;								No_match_to_candidate_panel	100.00	6.77	0.00	2.58	Low_read_support
k141_11756	1001	No terminal repeats	1	0.9492	1	1.7183	Viruses;Monodnaviria;Shotokuvirae;Cressdnaviricota;;;								No_match_to_candidate_panel	100.00	74.93	7.99	6.50	Moderate_read_support
k141_8514	1000	No terminal repeats	1	0.9713	1	1.4774	Viruses;Monodnaviria;Shotokuvirae;Cressdnaviricota;Arfiviricetes;Mulpavirales;Nanoviridae								No_match_to_candidate_panel	99.90	17.60	0.00	3.12	Low_read_support
k141_7994	1000	No terminal repeats	2	0.7544	1	1.2657	Viruses;Duplodnaviria;Heunggongvirae;Uroviricota;Caudoviricetes;;								No_match_to_candidate_panel	100.00	39.10	0.00	4.04	Low_read_support
