sample_1	sample_2	shared_votus	union_votus	jaccard
ERR14789190	ERR14789327	15	369	0.04065040650406504
ERR14789190	ERR14789328	3	383	0.007832898172323759
ERR14789190	ERR14789331	18	579	0.031088082901554404
ERR14789190	ERR14789332	46	803	0.057285180572851806
ERR14789190	ERR14789236	13	355	0.036619718309859155
ERR14789190	ERR14789171	4	378	0.010582010582010581
ERR14789327	ERR14789328	25	159	0.15723270440251572
ERR14789327	ERR14789331	25	370	0.06756756756756757
ERR14789327	ERR14789332	43	604	0.07119205298013245
ERR14789327	ERR14789236	6	160	0.0375
ERR14789327	ERR14789171	0	180	0.0
ERR14789328	ERR14789331	24	373	0.064343163538874
ERR14789328	ERR14789332	34	615	0.055284552845528454
ERR14789328	ERR14789236	2	166	0.012048192771084338
ERR14789328	ERR14789171	0	182	0.0
ERR14789331	ERR14789332	223	637	0.3500784929356358
ERR14789331	ERR14789236	15	364	0.04120879120879121
ERR14789331	ERR14789171	0	393	0.0
ERR14789332	ERR14789236	20	611	0.03273322422258593
ERR14789332	ERR14789171	0	645	0.0
ERR14789236	ERR14789171	0	164	0.0
