votu_id	n_samples_present	prevalence_fraction	samples_present
vOTU_00001	1	0.14285714285714285	ERR14789327
vOTU_00002	2	0.2857142857142857	ERR14789331,ERR14789332
vOTU_00003	1	0.14285714285714285	ERR14789328
vOTU_00004	2	0.2857142857142857	ERR14789331,ERR14789332
vOTU_00005	2	0.2857142857142857	ERR14789331,ERR14789332
vOTU_00006	1	0.14285714285714285	ERR14789190
vOTU_00007	1	0.14285714285714285	ERR14789327
vOTU_00008	1	0.14285714285714285	ERR14789328
vOTU_00009	3	0.42857142857142855	ERR14789190,ERR14789327,ERR14789332
vOTU_00010	1	0.14285714285714285	ERR14789190
vOTU_00011	1	0.14285714285714285	ERR14789328
vOTU_00012	1	0.14285714285714285	ERR14789171
vOTU_00013	3	0.42857142857142855	ERR14789190,ERR14789327,ERR14789332
vOTU_00014	1	0.14285714285714285	ERR14789190
vOTU_00015	1	0.14285714285714285	ERR14789171
vOTU_00016	1	0.14285714285714285	ERR14789190
vOTU_00017	1	0.14285714285714285	ERR14789190
vOTU_00018	2	0.2857142857142857	ERR14789331,ERR14789332
vOTU_00019	3	0.42857142857142855	ERR14789327,ERR14789331,ERR14789332
vOTU_00020	1	0.14285714285714285	ERR14789236
vOTU_00021	1	0.14285714285714285	ERR14789331
vOTU_00022	1	0.14285714285714285	ERR14789190
vOTU_00023	1	0.14285714285714285	ERR14789328
vOTU_00024	6	0.8571428571428571	ERR14789190,ERR14789327,ERR14789328,ERR14789331,ERR14789332,ERR14789236
vOTU_00025	4	0.5714285714285714	ERR14789327,ERR14789328,ERR14789331,ERR14789332
vOTU_00026	6	0.8571428571428571	ERR14789190,ERR14789327,ERR14789328,ERR14789331,ERR14789332,ERR14789236
vOTU_00027	5	0.7142857142857143	ERR14789190,ERR14789327,ERR14789328,ERR14789331,ERR14789332
vOTU_00028	1	0.14285714285714285	ERR14789190
vOTU_00029	1	0.14285714285714285	ERR14789190
vOTU_00030	1	0.14285714285714285	ERR14789190
vOTU_00031	1	0.14285714285714285	ERR14789190
vOTU_00032	2	0.2857142857142857	ERR14789331,ERR14789332
vOTU_00033	2	0.2857142857142857	ERR14789190,ERR14789331
vOTU_00034	2	0.2857142857142857	ERR14789190,ERR14789171
vOTU_00035	1	0.14285714285714285	ERR14789171
vOTU_00036	2	0.2857142857142857	ERR14789190,ERR14789236
vOTU_00037	1	0.14285714285714285	ERR14789236
vOTU_00038	1	0.14285714285714285	ERR14789236
vOTU_00039	1	0.14285714285714285	ERR14789328
vOTU_00040	1	0.14285714285714285	ERR14789236
vOTU_00041	1	0.14285714285714285	ERR14789190
vOTU_00042	2	0.2857142857142857	ERR14789331,ERR14789332
vOTU_00043	1	0.14285714285714285	ERR14789190
vOTU_00044	3	0.42857142857142855	ERR14789190,ERR14789327,ERR14789332
vOTU_00045	1	0.14285714285714285	ERR14789328
vOTU_00046	2	0.2857142857142857	ERR14789331,ERR14789332
vOTU_00047	1	0.14285714285714285	ERR14789190
vOTU_00048	1	0.14285714285714285	ERR14789171
vOTU_00049	2	0.2857142857142857	ERR14789331,ERR14789332
vOTU_00050	1	0.14285714285714285	ERR14789171
vOTU_00051	1	0.14285714285714285	ERR14789190
vOTU_00052	3	0.42857142857142855	ERR14789327,ERR14789331,ERR14789332
vOTU_00053	1	0.14285714285714285	ERR14789331
vOTU_00054	2	0.2857142857142857	ERR14789190,ERR14789332
vOTU_00055	1	0.14285714285714285	ERR14789331
vOTU_00056	1	0.14285714285714285	ERR14789328
vOTU_00057	1	0.14285714285714285	ERR14789171
vOTU_00058	1	0.14285714285714285	ERR14789328
vOTU_00059	2	0.2857142857142857	ERR14789331,ERR14789332
vOTU_00060	1	0.14285714285714285	ERR14789327
vOTU_00061	2	0.2857142857142857	ERR14789331,ERR14789332
vOTU_00062	2	0.2857142857142857	ERR14789331,ERR14789332
vOTU_00063	2	0.2857142857142857	ERR14789331,ERR14789332
vOTU_00064	1	0.14285714285714285	ERR14789331
vOTU_00065	2	0.2857142857142857	ERR14789190,ERR14789331
vOTU_00066	3	0.42857142857142855	ERR14789327,ERR14789331,ERR14789332
vOTU_00067	2	0.2857142857142857	ERR14789327,ERR14789328
vOTU_00068	1	0.14285714285714285	ERR14789332
vOTU_00069	1	0.14285714285714285	ERR14789190
vOTU_00070	1	0.14285714285714285	ERR14789190
vOTU_00071	1	0.14285714285714285	ERR14789190
vOTU_00072	1	0.14285714285714285	ERR14789190
vOTU_00073	1	0.14285714285714285	ERR14789190
vOTU_00074	3	0.42857142857142855	ERR14789190,ERR14789327,ERR14789332
vOTU_00075	1	0.14285714285714285	ERR14789190
vOTU_00076	4	0.5714285714285714	ERR14789327,ERR14789328,ERR14789331,ERR14789332
vOTU_00077	3	0.42857142857142855	ERR14789190,ERR14789327,ERR14789332
vOTU_00078	4	0.5714285714285714	ERR14789327,ERR14789328,ERR14789331,ERR14789332
vOTU_00079	1	0.14285714285714285	ERR14789328
vOTU_00080	2	0.2857142857142857	ERR14789331,ERR14789332
vOTU_00081	1	0.14285714285714285	ERR14789190
vOTU_00082	2	0.2857142857142857	ERR14789331,ERR14789332
vOTU_00083	2	0.2857142857142857	ERR14789331,ERR14789332
vOTU_00084	2	0.2857142857142857	ERR14789331,ERR14789332
vOTU_00085	1	0.14285714285714285	ERR14789332
vOTU_00086	3	0.42857142857142855	ERR14789331,ERR14789332,ERR14789236
vOTU_00087	1	0.14285714285714285	ERR14789328
vOTU_00088	2	0.2857142857142857	ERR14789327,ERR14789328
vOTU_00089	2	0.2857142857142857	ERR14789331,ERR14789332
vOTU_00090	1	0.14285714285714285	ERR14789327
vOTU_00091	2	0.2857142857142857	ERR14789331,ERR14789332
vOTU_00092	4	0.5714285714285714	ERR14789327,ERR14789331,ERR14789332,ERR14789236
vOTU_00093	1	0.14285714285714285	ERR14789190
vOTU_00094	1	0.14285714285714285	ERR14789328
vOTU_00095	2	0.2857142857142857	ERR14789331,ERR14789332
vOTU_00096	1	0.14285714285714285	ERR14789190
vOTU_00097	1	0.14285714285714285	ERR14789190
vOTU_00098	1	0.14285714285714285	ERR14789327
vOTU_00099	1	0.14285714285714285	ERR14789171
vOTU_00100	1	0.14285714285714285	ERR14789190
vOTU_00101	2	0.2857142857142857	ERR14789331,ERR14789332
vOTU_00102	1	0.14285714285714285	ERR14789327
vOTU_00103	2	0.2857142857142857	ERR14789331,ERR14789332
vOTU_00104	1	0.14285714285714285	ERR14789332
vOTU_00105	1	0.14285714285714285	ERR14789190
vOTU_00106	3	0.42857142857142855	ERR14789327,ERR14789331,ERR14789332
vOTU_00107	1	0.14285714285714285	ERR14789190
vOTU_00108	3	0.42857142857142855	ERR14789190,ERR14789327,ERR14789332
vOTU_00109	1	0.14285714285714285	ERR14789190
vOTU_00110	1	0.14285714285714285	ERR14789190
vOTU_00111	1	0.14285714285714285	ERR14789190
vOTU_00112	2	0.2857142857142857	ERR14789331,ERR14789332
vOTU_00113	1	0.14285714285714285	ERR14789190
vOTU_00114	1	0.14285714285714285	ERR14789190
vOTU_00115	1	0.14285714285714285	ERR14789328
vOTU_00116	2	0.2857142857142857	ERR14789331,ERR14789332
vOTU_00117	2	0.2857142857142857	ERR14789331,ERR14789332
vOTU_00118	1	0.14285714285714285	ERR14789327
vOTU_00119	2	0.2857142857142857	ERR14789331,ERR14789332
vOTU_00120	1	0.14285714285714285	ERR14789236
vOTU_00121	1	0.14285714285714285	ERR14789236
vOTU_00122	1	0.14285714285714285	ERR14789328
vOTU_00123	1	0.14285714285714285	ERR14789190
vOTU_00124	4	0.5714285714285714	ERR14789327,ERR14789331,ERR14789332,ERR14789236
vOTU_00125	1	0.14285714285714285	ERR14789332
vOTU_00126	1	0.14285714285714285	ERR14789328
vOTU_00127	2	0.2857142857142857	ERR14789331,ERR14789332
vOTU_00128	1	0.14285714285714285	ERR14789190
vOTU_00129	1	0.14285714285714285	ERR14789332
vOTU_00130	1	0.14285714285714285	ERR14789328
vOTU_00131	2	0.2857142857142857	ERR14789190,ERR14789332
vOTU_00132	1	0.14285714285714285	ERR14789190
vOTU_00133	1	0.14285714285714285	ERR14789332
vOTU_00134	3	0.42857142857142855	ERR14789331,ERR14789332,ERR14789236
vOTU_00135	2	0.2857142857142857	ERR14789331,ERR14789332
vOTU_00136	2	0.2857142857142857	ERR14789331,ERR14789332
vOTU_00137	1	0.14285714285714285	ERR14789236
vOTU_00138	1	0.14285714285714285	ERR14789190
vOTU_00139	1	0.14285714285714285	ERR14789190
vOTU_00140	2	0.2857142857142857	ERR14789328,ERR14789332
vOTU_00141	2	0.2857142857142857	ERR14789331,ERR14789332
vOTU_00142	1	0.14285714285714285	ERR14789190
vOTU_00143	1	0.14285714285714285	ERR14789332
vOTU_00144	1	0.14285714285714285	ERR14789328
vOTU_00145	1	0.14285714285714285	ERR14789332
vOTU_00146	1	0.14285714285714285	ERR14789190
vOTU_00147	1	0.14285714285714285	ERR14789190
vOTU_00148	3	0.42857142857142855	ERR14789331,ERR14789332,ERR14789236
vOTU_00149	1	0.14285714285714285	ERR14789331
vOTU_00150	1	0.14285714285714285	ERR14789236
vOTU_00151	1	0.14285714285714285	ERR14789331
vOTU_00152	1	0.14285714285714285	ERR14789327
vOTU_00153	3	0.42857142857142855	ERR14789190,ERR14789331,ERR14789332
vOTU_00154	2	0.2857142857142857	ERR14789331,ERR14789332
vOTU_00155	1	0.14285714285714285	ERR14789190
vOTU_00156	1	0.14285714285714285	ERR14789328
vOTU_00157	2	0.2857142857142857	ERR14789331,ERR14789332
vOTU_00158	1	0.14285714285714285	ERR14789190
vOTU_00159	2	0.2857142857142857	ERR14789331,ERR14789332
vOTU_00160	3	0.42857142857142855	ERR14789190,ERR14789331,ERR14789332
vOTU_00161	1	0.14285714285714285	ERR14789190
vOTU_00162	1	0.14285714285714285	ERR14789190
vOTU_00163	2	0.2857142857142857	ERR14789190,ERR14789332
vOTU_00164	1	0.14285714285714285	ERR14789332
vOTU_00165	3	0.42857142857142855	ERR14789327,ERR14789328,ERR14789332
vOTU_00166	2	0.2857142857142857	ERR14789190,ERR14789332
vOTU_00167	1	0.14285714285714285	ERR14789332
vOTU_00168	1	0.14285714285714285	ERR14789331
vOTU_00169	2	0.2857142857142857	ERR14789331,ERR14789332
vOTU_00170	2	0.2857142857142857	ERR14789331,ERR14789332
vOTU_00171	3	0.42857142857142855	ERR14789328,ERR14789331,ERR14789332
vOTU_00172	2	0.2857142857142857	ERR14789331,ERR14789332
vOTU_00173	1	0.14285714285714285	ERR14789332
vOTU_00174	1	0.14285714285714285	ERR14789328
vOTU_00175	1	0.14285714285714285	ERR14789171
vOTU_00176	1	0.14285714285714285	ERR14789190
vOTU_00177	4	0.5714285714285714	ERR14789327,ERR14789331,ERR14789332,ERR14789236
vOTU_00178	2	0.2857142857142857	ERR14789331,ERR14789332
vOTU_00179	3	0.42857142857142855	ERR14789190,ERR14789331,ERR14789332
vOTU_00180	1	0.14285714285714285	ERR14789332
vOTU_00181	1	0.14285714285714285	ERR14789190
vOTU_00182	2	0.2857142857142857	ERR14789331,ERR14789332
vOTU_00183	2	0.2857142857142857	ERR14789331,ERR14789332
vOTU_00184	1	0.14285714285714285	ERR14789190
vOTU_00185	1	0.14285714285714285	ERR14789190
vOTU_00186	2	0.2857142857142857	ERR14789331,ERR14789332
vOTU_00187	1	0.14285714285714285	ERR14789332
vOTU_00188	1	0.14285714285714285	ERR14789190
vOTU_00189	2	0.2857142857142857	ERR14789331,ERR14789332
vOTU_00190	2	0.2857142857142857	ERR14789327,ERR14789328
vOTU_00191	1	0.14285714285714285	ERR14789332
vOTU_00192	2	0.2857142857142857	ERR14789331,ERR14789332
vOTU_00193	1	0.14285714285714285	ERR14789328
vOTU_00194	1	0.14285714285714285	ERR14789190
vOTU_00195	1	0.14285714285714285	ERR14789328
vOTU_00196	1	0.14285714285714285	ERR14789190
vOTU_00197	1	0.14285714285714285	ERR14789171
vOTU_00198	1	0.14285714285714285	ERR14789332
vOTU_00199	3	0.42857142857142855	ERR14789190,ERR14789327,ERR14789332
vOTU_00200	1	0.14285714285714285	ERR14789190
vOTU_00201	2	0.2857142857142857	ERR14789331,ERR14789332
vOTU_00202	4	0.5714285714285714	ERR14789327,ERR14789328,ERR14789331,ERR14789332
vOTU_00203	4	0.5714285714285714	ERR14789190,ERR14789327,ERR14789331,ERR14789332
vOTU_00204	2	0.2857142857142857	ERR14789331,ERR14789332
vOTU_00205	1	0.14285714285714285	ERR14789236
vOTU_00206	1	0.14285714285714285	ERR14789236
vOTU_00207	1	0.14285714285714285	ERR14789236
vOTU_00208	1	0.14285714285714285	ERR14789190
vOTU_00209	1	0.14285714285714285	ERR14789332
vOTU_00210	1	0.14285714285714285	ERR14789190
vOTU_00211	1	0.14285714285714285	ERR14789328
vOTU_00212	1	0.14285714285714285	ERR14789190
vOTU_00213	1	0.14285714285714285	ERR14789190
vOTU_00214	1	0.14285714285714285	ERR14789171
vOTU_00215	2	0.2857142857142857	ERR14789328,ERR14789332
vOTU_00216	1	0.14285714285714285	ERR14789190
vOTU_00217	1	0.14285714285714285	ERR14789331
vOTU_00218	1	0.14285714285714285	ERR14789332
vOTU_00219	2	0.2857142857142857	ERR14789331,ERR14789332
vOTU_00220	3	0.42857142857142855	ERR14789190,ERR14789331,ERR14789332
vOTU_00221	1	0.14285714285714285	ERR14789190
vOTU_00222	1	0.14285714285714285	ERR14789171
vOTU_00223	1	0.14285714285714285	ERR14789190
vOTU_00224	2	0.2857142857142857	ERR14789190,ERR14789332
vOTU_00225	2	0.2857142857142857	ERR14789327,ERR14789328
vOTU_00226	1	0.14285714285714285	ERR14789332
vOTU_00227	1	0.14285714285714285	ERR14789190
vOTU_00228	2	0.2857142857142857	ERR14789331,ERR14789332
vOTU_00229	1	0.14285714285714285	ERR14789327
vOTU_00230	3	0.42857142857142855	ERR14789328,ERR14789331,ERR14789332
vOTU_00231	1	0.14285714285714285	ERR14789190
vOTU_00232	2	0.2857142857142857	ERR14789331,ERR14789332
vOTU_00233	1	0.14285714285714285	ERR14789236
vOTU_00234	2	0.2857142857142857	ERR14789331,ERR14789332
vOTU_00235	3	0.42857142857142855	ERR14789190,ERR14789332,ERR14789236
vOTU_00236	4	0.5714285714285714	ERR14789327,ERR14789328,ERR14789331,ERR14789332
vOTU_00237	4	0.5714285714285714	ERR14789327,ERR14789328,ERR14789331,ERR14789332
vOTU_00238	2	0.2857142857142857	ERR14789331,ERR14789332
vOTU_00239	1	0.14285714285714285	ERR14789236
vOTU_00240	1	0.14285714285714285	ERR14789332
vOTU_00241	1	0.14285714285714285	ERR14789327
vOTU_00242	1	0.14285714285714285	ERR14789236
vOTU_00243	2	0.2857142857142857	ERR14789331,ERR14789332
vOTU_00244	1	0.14285714285714285	ERR14789331
vOTU_00245	1	0.14285714285714285	ERR14789190
vOTU_00246	1	0.14285714285714285	ERR14789171
vOTU_00247	1	0.14285714285714285	ERR14789332
vOTU_00248	2	0.2857142857142857	ERR14789331,ERR14789332
vOTU_00249	1	0.14285714285714285	ERR14789331
vOTU_00250	1	0.14285714285714285	ERR14789171
vOTU_00251	1	0.14285714285714285	ERR14789190
vOTU_00252	1	0.14285714285714285	ERR14789236
vOTU_00253	2	0.2857142857142857	ERR14789331,ERR14789332
vOTU_00254	3	0.42857142857142855	ERR14789190,ERR14789332,ERR14789236
vOTU_00255	3	0.42857142857142855	ERR14789328,ERR14789331,ERR14789332
vOTU_00256	1	0.14285714285714285	ERR14789190
vOTU_00257	3	0.42857142857142855	ERR14789190,ERR14789331,ERR14789332
vOTU_00258	2	0.2857142857142857	ERR14789331,ERR14789332
vOTU_00259	1	0.14285714285714285	ERR14789332
vOTU_00260	1	0.14285714285714285	ERR14789190
vOTU_00261	1	0.14285714285714285	ERR14789171
vOTU_00262	1	0.14285714285714285	ERR14789331
vOTU_00263	2	0.2857142857142857	ERR14789328,ERR14789332
vOTU_00264	1	0.14285714285714285	ERR14789190
vOTU_00265	2	0.2857142857142857	ERR14789331,ERR14789332
vOTU_00266	2	0.2857142857142857	ERR14789331,ERR14789332
vOTU_00267	2	0.2857142857142857	ERR14789327,ERR14789332
vOTU_00268	1	0.14285714285714285	ERR14789171
vOTU_00269	2	0.2857142857142857	ERR14789190,ERR14789171
vOTU_00270	1	0.14285714285714285	ERR14789190
vOTU_00271	1	0.14285714285714285	ERR14789190
vOTU_00272	2	0.2857142857142857	ERR14789331,ERR14789332
vOTU_00273	1	0.14285714285714285	ERR14789331
vOTU_00274	1	0.14285714285714285	ERR14789171
vOTU_00275	1	0.14285714285714285	ERR14789190
vOTU_00276	2	0.2857142857142857	ERR14789331,ERR14789332
vOTU_00277	1	0.14285714285714285	ERR14789328
vOTU_00278	1	0.14285714285714285	ERR14789328
vOTU_00279	1	0.14285714285714285	ERR14789171
vOTU_00280	3	0.42857142857142855	ERR14789328,ERR14789331,ERR14789332
vOTU_00281	1	0.14285714285714285	ERR14789190
vOTU_00282	1	0.14285714285714285	ERR14789332
vOTU_00283	1	0.14285714285714285	ERR14789331
vOTU_00284	2	0.2857142857142857	ERR14789331,ERR14789332
vOTU_00285	1	0.14285714285714285	ERR14789190
vOTU_00286	2	0.2857142857142857	ERR14789331,ERR14789332
vOTU_00287	2	0.2857142857142857	ERR14789331,ERR14789332
vOTU_00288	2	0.2857142857142857	ERR14789331,ERR14789332
vOTU_00289	2	0.2857142857142857	ERR14789332,ERR14789236
vOTU_00290	2	0.2857142857142857	ERR14789190,ERR14789332
vOTU_00291	1	0.14285714285714285	ERR14789332
vOTU_00292	1	0.14285714285714285	ERR14789190
vOTU_00293	1	0.14285714285714285	ERR14789328
vOTU_00294	1	0.14285714285714285	ERR14789190
vOTU_00295	1	0.14285714285714285	ERR14789332
vOTU_00296	1	0.14285714285714285	ERR14789190
vOTU_00297	1	0.14285714285714285	ERR14789190
vOTU_00298	1	0.14285714285714285	ERR14789190
vOTU_00299	1	0.14285714285714285	ERR14789332
vOTU_00300	1	0.14285714285714285	ERR14789327
vOTU_00301	2	0.2857142857142857	ERR14789331,ERR14789332
vOTU_00302	1	0.14285714285714285	ERR14789332
vOTU_00303	1	0.14285714285714285	ERR14789190
vOTU_00304	1	0.14285714285714285	ERR14789190
vOTU_00305	2	0.2857142857142857	ERR14789190,ERR14789236
vOTU_00306	1	0.14285714285714285	ERR14789171
vOTU_00307	1	0.14285714285714285	ERR14789171
vOTU_00308	1	0.14285714285714285	ERR14789190
vOTU_00309	1	0.14285714285714285	ERR14789190
vOTU_00310	2	0.2857142857142857	ERR14789331,ERR14789332
vOTU_00311	2	0.2857142857142857	ERR14789331,ERR14789332
vOTU_00312	1	0.14285714285714285	ERR14789190
vOTU_00313	1	0.14285714285714285	ERR14789171
vOTU_00314	1	0.14285714285714285	ERR14789332
vOTU_00315	1	0.14285714285714285	ERR14789332
vOTU_00316	1	0.14285714285714285	ERR14789332
vOTU_00317	2	0.2857142857142857	ERR14789331,ERR14789332
vOTU_00318	2	0.2857142857142857	ERR14789328,ERR14789332
vOTU_00319	1	0.14285714285714285	ERR14789332
vOTU_00320	1	0.14285714285714285	ERR14789327
vOTU_00321	1	0.14285714285714285	ERR14789190
vOTU_00322	2	0.2857142857142857	ERR14789327,ERR14789328
vOTU_00323	1	0.14285714285714285	ERR14789332
vOTU_00324	1	0.14285714285714285	ERR14789236
vOTU_00325	2	0.2857142857142857	ERR14789331,ERR14789332
vOTU_00326	2	0.2857142857142857	ERR14789331,ERR14789332
vOTU_00327	1	0.14285714285714285	ERR14789190
vOTU_00328	3	0.42857142857142855	ERR14789190,ERR14789331,ERR14789332
vOTU_00329	1	0.14285714285714285	ERR14789327
vOTU_00330	1	0.14285714285714285	ERR14789332
vOTU_00331	3	0.42857142857142855	ERR14789331,ERR14789332,ERR14789236
vOTU_00332	1	0.14285714285714285	ERR14789331
vOTU_00333	2	0.2857142857142857	ERR14789331,ERR14789332
vOTU_00334	1	0.14285714285714285	ERR14789332
vOTU_00335	1	0.14285714285714285	ERR14789190
vOTU_00336	2	0.2857142857142857	ERR14789327,ERR14789328
vOTU_00337	3	0.42857142857142855	ERR14789190,ERR14789327,ERR14789332
vOTU_00338	4	0.5714285714285714	ERR14789327,ERR14789328,ERR14789331,ERR14789332
vOTU_00339	1	0.14285714285714285	ERR14789332
vOTU_00340	1	0.14285714285714285	ERR14789332
vOTU_00341	1	0.14285714285714285	ERR14789190
vOTU_00342	1	0.14285714285714285	ERR14789332
vOTU_00343	1	0.14285714285714285	ERR14789331
vOTU_00344	1	0.14285714285714285	ERR14789171
vOTU_00345	1	0.14285714285714285	ERR14789190
vOTU_00346	1	0.14285714285714285	ERR14789332
vOTU_00347	1	0.14285714285714285	ERR14789332
vOTU_00348	1	0.14285714285714285	ERR14789332
vOTU_00349	1	0.14285714285714285	ERR14789331
vOTU_00350	1	0.14285714285714285	ERR14789332
vOTU_00351	1	0.14285714285714285	ERR14789171
vOTU_00352	1	0.14285714285714285	ERR14789332
vOTU_00353	1	0.14285714285714285	ERR14789171
vOTU_00354	1	0.14285714285714285	ERR14789327
vOTU_00355	3	0.42857142857142855	ERR14789327,ERR14789328,ERR14789332
vOTU_00356	3	0.42857142857142855	ERR14789328,ERR14789331,ERR14789332
vOTU_00357	1	0.14285714285714285	ERR14789331
vOTU_00358	1	0.14285714285714285	ERR14789327
vOTU_00359	2	0.2857142857142857	ERR14789331,ERR14789332
vOTU_00360	1	0.14285714285714285	ERR14789190
vOTU_00361	3	0.42857142857142855	ERR14789327,ERR14789328,ERR14789332
vOTU_00362	1	0.14285714285714285	ERR14789332
vOTU_00363	1	0.14285714285714285	ERR14789332
vOTU_00364	1	0.14285714285714285	ERR14789331
vOTU_00365	3	0.42857142857142855	ERR14789328,ERR14789331,ERR14789332
vOTU_00366	1	0.14285714285714285	ERR14789190
vOTU_00367	1	0.14285714285714285	ERR14789190
vOTU_00368	2	0.2857142857142857	ERR14789331,ERR14789332
vOTU_00369	1	0.14285714285714285	ERR14789328
vOTU_00370	1	0.14285714285714285	ERR14789171
vOTU_00371	2	0.2857142857142857	ERR14789331,ERR14789332
vOTU_00372	1	0.14285714285714285	ERR14789332
vOTU_00373	1	0.14285714285714285	ERR14789190
vOTU_00374	1	0.14285714285714285	ERR14789328
vOTU_00375	1	0.14285714285714285	ERR14789332
vOTU_00376	1	0.14285714285714285	ERR14789171
vOTU_00377	1	0.14285714285714285	ERR14789171
vOTU_00378	2	0.2857142857142857	ERR14789331,ERR14789332
vOTU_00379	1	0.14285714285714285	ERR14789236
vOTU_00380	1	0.14285714285714285	ERR14789190
vOTU_00381	1	0.14285714285714285	ERR14789190
vOTU_00382	1	0.14285714285714285	ERR14789332
vOTU_00383	1	0.14285714285714285	ERR14789190
vOTU_00384	1	0.14285714285714285	ERR14789190
vOTU_00385	1	0.14285714285714285	ERR14789332
vOTU_00386	2	0.2857142857142857	ERR14789327,ERR14789328
vOTU_00387	1	0.14285714285714285	ERR14789236
vOTU_00388	1	0.14285714285714285	ERR14789332
vOTU_00389	2	0.2857142857142857	ERR14789331,ERR14789332
vOTU_00390	1	0.14285714285714285	ERR14789332
vOTU_00391	1	0.14285714285714285	ERR14789327
vOTU_00392	1	0.14285714285714285	ERR14789328
vOTU_00393	1	0.14285714285714285	ERR14789171
vOTU_00394	2	0.2857142857142857	ERR14789331,ERR14789332
vOTU_00395	1	0.14285714285714285	ERR14789332
vOTU_00396	1	0.14285714285714285	ERR14789171
vOTU_00397	2	0.2857142857142857	ERR14789331,ERR14789332
vOTU_00398	1	0.14285714285714285	ERR14789327
vOTU_00399	1	0.14285714285714285	ERR14789328
vOTU_00400	1	0.14285714285714285	ERR14789332
vOTU_00401	1	0.14285714285714285	ERR14789332
vOTU_00402	3	0.42857142857142855	ERR14789331,ERR14789332,ERR14789236
vOTU_00403	2	0.2857142857142857	ERR14789331,ERR14789332
vOTU_00404	1	0.14285714285714285	ERR14789331
vOTU_00405	1	0.14285714285714285	ERR14789331
vOTU_00406	2	0.2857142857142857	ERR14789331,ERR14789332
vOTU_00407	1	0.14285714285714285	ERR14789190
vOTU_00408	2	0.2857142857142857	ERR14789331,ERR14789332
vOTU_00409	1	0.14285714285714285	ERR14789190
vOTU_00410	1	0.14285714285714285	ERR14789332
vOTU_00411	1	0.14285714285714285	ERR14789331
vOTU_00412	1	0.14285714285714285	ERR14789332
vOTU_00413	1	0.14285714285714285	ERR14789171
vOTU_00414	1	0.14285714285714285	ERR14789332
vOTU_00415	1	0.14285714285714285	ERR14789327
vOTU_00416	1	0.14285714285714285	ERR14789332
vOTU_00417	3	0.42857142857142855	ERR14789328,ERR14789331,ERR14789332
vOTU_00418	2	0.2857142857142857	ERR14789190,ERR14789236
vOTU_00419	1	0.14285714285714285	ERR14789332
vOTU_00420	2	0.2857142857142857	ERR14789331,ERR14789332
vOTU_00421	1	0.14285714285714285	ERR14789332
vOTU_00422	1	0.14285714285714285	ERR14789332
vOTU_00423	2	0.2857142857142857	ERR14789331,ERR14789332
vOTU_00424	2	0.2857142857142857	ERR14789332,ERR14789236
vOTU_00425	1	0.14285714285714285	ERR14789332
vOTU_00426	1	0.14285714285714285	ERR14789332
vOTU_00427	1	0.14285714285714285	ERR14789332
vOTU_00428	1	0.14285714285714285	ERR14789190
vOTU_00429	2	0.2857142857142857	ERR14789331,ERR14789332
vOTU_00430	2	0.2857142857142857	ERR14789331,ERR14789332
vOTU_00431	1	0.14285714285714285	ERR14789332
vOTU_00432	1	0.14285714285714285	ERR14789332
vOTU_00433	3	0.42857142857142855	ERR14789190,ERR14789327,ERR14789332
vOTU_00434	1	0.14285714285714285	ERR14789332
vOTU_00435	1	0.14285714285714285	ERR14789332
vOTU_00436	1	0.14285714285714285	ERR14789332
vOTU_00437	2	0.2857142857142857	ERR14789327,ERR14789332
vOTU_00438	1	0.14285714285714285	ERR14789332
vOTU_00439	1	0.14285714285714285	ERR14789190
vOTU_00440	2	0.2857142857142857	ERR14789190,ERR14789332
vOTU_00441	1	0.14285714285714285	ERR14789190
vOTU_00442	1	0.14285714285714285	ERR14789190
vOTU_00443	4	0.5714285714285714	ERR14789327,ERR14789331,ERR14789332,ERR14789236
vOTU_00444	1	0.14285714285714285	ERR14789332
vOTU_00445	2	0.2857142857142857	ERR14789331,ERR14789332
vOTU_00446	2	0.2857142857142857	ERR14789328,ERR14789332
vOTU_00447	1	0.14285714285714285	ERR14789332
vOTU_00448	2	0.2857142857142857	ERR14789331,ERR14789332
vOTU_00449	1	0.14285714285714285	ERR14789190
vOTU_00450	1	0.14285714285714285	ERR14789332
vOTU_00451	2	0.2857142857142857	ERR14789190,ERR14789332
vOTU_00452	1	0.14285714285714285	ERR14789190
vOTU_00453	1	0.14285714285714285	ERR14789190
vOTU_00454	1	0.14285714285714285	ERR14789332
vOTU_00455	1	0.14285714285714285	ERR14789328
vOTU_00456	1	0.14285714285714285	ERR14789331
vOTU_00457	2	0.2857142857142857	ERR14789331,ERR14789332
vOTU_00458	1	0.14285714285714285	ERR14789332
vOTU_00459	1	0.14285714285714285	ERR14789332
vOTU_00460	1	0.14285714285714285	ERR14789332
vOTU_00461	1	0.14285714285714285	ERR14789332
vOTU_00462	2	0.2857142857142857	ERR14789331,ERR14789332
vOTU_00463	1	0.14285714285714285	ERR14789332
vOTU_00464	1	0.14285714285714285	ERR14789171
vOTU_00465	1	0.14285714285714285	ERR14789190
vOTU_00466	1	0.14285714285714285	ERR14789332
vOTU_00467	1	0.14285714285714285	ERR14789171
vOTU_00468	2	0.2857142857142857	ERR14789331,ERR14789332
vOTU_00469	4	0.5714285714285714	ERR14789327,ERR14789328,ERR14789331,ERR14789332
vOTU_00470	1	0.14285714285714285	ERR14789190
vOTU_00471	1	0.14285714285714285	ERR14789332
vOTU_00472	1	0.14285714285714285	ERR14789171
vOTU_00473	1	0.14285714285714285	ERR14789190
vOTU_00474	1	0.14285714285714285	ERR14789331
vOTU_00475	1	0.14285714285714285	ERR14789332
vOTU_00476	1	0.14285714285714285	ERR14789332
vOTU_00477	1	0.14285714285714285	ERR14789236
vOTU_00478	2	0.2857142857142857	ERR14789327,ERR14789328
vOTU_00479	1	0.14285714285714285	ERR14789190
vOTU_00480	1	0.14285714285714285	ERR14789171
vOTU_00481	1	0.14285714285714285	ERR14789171
vOTU_00482	3	0.42857142857142855	ERR14789328,ERR14789331,ERR14789332
vOTU_00483	1	0.14285714285714285	ERR14789327
vOTU_00484	1	0.14285714285714285	ERR14789332
vOTU_00485	1	0.14285714285714285	ERR14789171
vOTU_00486	1	0.14285714285714285	ERR14789331
vOTU_00487	1	0.14285714285714285	ERR14789332
vOTU_00488	1	0.14285714285714285	ERR14789171
vOTU_00489	2	0.2857142857142857	ERR14789331,ERR14789332
vOTU_00490	2	0.2857142857142857	ERR14789331,ERR14789332
vOTU_00491	1	0.14285714285714285	ERR14789332
vOTU_00492	2	0.2857142857142857	ERR14789190,ERR14789332
vOTU_00493	1	0.14285714285714285	ERR14789171
vOTU_00494	1	0.14285714285714285	ERR14789190
vOTU_00495	1	0.14285714285714285	ERR14789190
vOTU_00496	2	0.2857142857142857	ERR14789327,ERR14789332
vOTU_00497	2	0.2857142857142857	ERR14789331,ERR14789332
vOTU_00498	1	0.14285714285714285	ERR14789332
vOTU_00499	1	0.14285714285714285	ERR14789190
vOTU_00500	2	0.2857142857142857	ERR14789331,ERR14789332
vOTU_00501	1	0.14285714285714285	ERR14789332
vOTU_00502	1	0.14285714285714285	ERR14789332
vOTU_00503	1	0.14285714285714285	ERR14789190
vOTU_00504	1	0.14285714285714285	ERR14789332
vOTU_00505	1	0.14285714285714285	ERR14789171
vOTU_00506	1	0.14285714285714285	ERR14789190
vOTU_00507	2	0.2857142857142857	ERR14789331,ERR14789332
vOTU_00508	1	0.14285714285714285	ERR14789332
vOTU_00509	1	0.14285714285714285	ERR14789331
vOTU_00510	1	0.14285714285714285	ERR14789190
vOTU_00511	2	0.2857142857142857	ERR14789190,ERR14789236
vOTU_00512	1	0.14285714285714285	ERR14789190
vOTU_00513	3	0.42857142857142855	ERR14789331,ERR14789332,ERR14789236
vOTU_00514	1	0.14285714285714285	ERR14789190
vOTU_00515	1	0.14285714285714285	ERR14789190
vOTU_00516	1	0.14285714285714285	ERR14789190
vOTU_00517	1	0.14285714285714285	ERR14789171
vOTU_00518	2	0.2857142857142857	ERR14789190,ERR14789331
vOTU_00519	1	0.14285714285714285	ERR14789332
vOTU_00520	2	0.2857142857142857	ERR14789332,ERR14789236
vOTU_00521	2	0.2857142857142857	ERR14789331,ERR14789332
vOTU_00522	2	0.2857142857142857	ERR14789331,ERR14789332
vOTU_00523	1	0.14285714285714285	ERR14789190
vOTU_00524	1	0.14285714285714285	ERR14789190
vOTU_00525	2	0.2857142857142857	ERR14789331,ERR14789332
vOTU_00526	1	0.14285714285714285	ERR14789190
vOTU_00527	1	0.14285714285714285	ERR14789332
vOTU_00528	1	0.14285714285714285	ERR14789190
vOTU_00529	1	0.14285714285714285	ERR14789190
vOTU_00530	1	0.14285714285714285	ERR14789332
vOTU_00531	2	0.2857142857142857	ERR14789331,ERR14789332
vOTU_00532	1	0.14285714285714285	ERR14789171
vOTU_00533	2	0.2857142857142857	ERR14789190,ERR14789332
vOTU_00534	1	0.14285714285714285	ERR14789171
vOTU_00535	1	0.14285714285714285	ERR14789332
vOTU_00536	1	0.14285714285714285	ERR14789190
vOTU_00537	1	0.14285714285714285	ERR14789236
vOTU_00538	1	0.14285714285714285	ERR14789190
vOTU_00539	1	0.14285714285714285	ERR14789236
vOTU_00540	2	0.2857142857142857	ERR14789190,ERR14789327
vOTU_00541	1	0.14285714285714285	ERR14789171
vOTU_00542	1	0.14285714285714285	ERR14789327
vOTU_00543	1	0.14285714285714285	ERR14789332
vOTU_00544	1	0.14285714285714285	ERR14789190
vOTU_00545	1	0.14285714285714285	ERR14789190
vOTU_00546	1	0.14285714285714285	ERR14789190
vOTU_00547	1	0.14285714285714285	ERR14789190
vOTU_00548	2	0.2857142857142857	ERR14789331,ERR14789332
vOTU_00549	1	0.14285714285714285	ERR14789190
vOTU_00550	2	0.2857142857142857	ERR14789331,ERR14789332
vOTU_00551	1	0.14285714285714285	ERR14789190
vOTU_00552	1	0.14285714285714285	ERR14789171
vOTU_00553	1	0.14285714285714285	ERR14789171
vOTU_00554	2	0.2857142857142857	ERR14789331,ERR14789332
vOTU_00555	1	0.14285714285714285	ERR14789332
vOTU_00556	2	0.2857142857142857	ERR14789331,ERR14789332
vOTU_00557	2	0.2857142857142857	ERR14789331,ERR14789332
vOTU_00558	1	0.14285714285714285	ERR14789190
vOTU_00559	3	0.42857142857142855	ERR14789190,ERR14789332,ERR14789236
vOTU_00560	1	0.14285714285714285	ERR14789327
vOTU_00561	1	0.14285714285714285	ERR14789331
vOTU_00562	2	0.2857142857142857	ERR14789331,ERR14789332
vOTU_00563	1	0.14285714285714285	ERR14789190
vOTU_00564	1	0.14285714285714285	ERR14789331
vOTU_00565	1	0.14285714285714285	ERR14789332
vOTU_00566	2	0.2857142857142857	ERR14789331,ERR14789332
vOTU_00567	1	0.14285714285714285	ERR14789190
vOTU_00568	4	0.5714285714285714	ERR14789190,ERR14789327,ERR14789331,ERR14789332
vOTU_00569	1	0.14285714285714285	ERR14789171
vOTU_00570	1	0.14285714285714285	ERR14789171
vOTU_00571	1	0.14285714285714285	ERR14789190
vOTU_00572	1	0.14285714285714285	ERR14789328
vOTU_00573	1	0.14285714285714285	ERR14789332
vOTU_00574	1	0.14285714285714285	ERR14789190
vOTU_00575	2	0.2857142857142857	ERR14789331,ERR14789332
vOTU_00576	2	0.2857142857142857	ERR14789190,ERR14789331
vOTU_00577	1	0.14285714285714285	ERR14789332
vOTU_00578	1	0.14285714285714285	ERR14789332
vOTU_00579	1	0.14285714285714285	ERR14789327
vOTU_00580	1	0.14285714285714285	ERR14789332
vOTU_00581	2	0.2857142857142857	ERR14789190,ERR14789332
vOTU_00582	1	0.14285714285714285	ERR14789190
vOTU_00583	1	0.14285714285714285	ERR14789328
vOTU_00584	1	0.14285714285714285	ERR14789190
vOTU_00585	1	0.14285714285714285	ERR14789190
vOTU_00586	1	0.14285714285714285	ERR14789332
vOTU_00587	1	0.14285714285714285	ERR14789331
vOTU_00588	1	0.14285714285714285	ERR14789236
vOTU_00589	1	0.14285714285714285	ERR14789171
vOTU_00590	1	0.14285714285714285	ERR14789332
vOTU_00591	1	0.14285714285714285	ERR14789171
vOTU_00592	1	0.14285714285714285	ERR14789190
vOTU_00593	1	0.14285714285714285	ERR14789327
vOTU_00594	1	0.14285714285714285	ERR14789332
vOTU_00595	2	0.2857142857142857	ERR14789331,ERR14789332
vOTU_00596	1	0.14285714285714285	ERR14789331
vOTU_00597	1	0.14285714285714285	ERR14789332
vOTU_00598	2	0.2857142857142857	ERR14789331,ERR14789332
vOTU_00599	1	0.14285714285714285	ERR14789236
vOTU_00600	1	0.14285714285714285	ERR14789190
vOTU_00601	2	0.2857142857142857	ERR14789331,ERR14789332
vOTU_00602	1	0.14285714285714285	ERR14789331
vOTU_00603	1	0.14285714285714285	ERR14789327
vOTU_00604	1	0.14285714285714285	ERR14789332
vOTU_00605	1	0.14285714285714285	ERR14789328
vOTU_00606	2	0.2857142857142857	ERR14789331,ERR14789332
vOTU_00607	1	0.14285714285714285	ERR14789190
vOTU_00608	1	0.14285714285714285	ERR14789332
vOTU_00609	1	0.14285714285714285	ERR14789190
vOTU_00610	1	0.14285714285714285	ERR14789328
vOTU_00611	2	0.2857142857142857	ERR14789331,ERR14789332
vOTU_00612	1	0.14285714285714285	ERR14789190
vOTU_00613	2	0.2857142857142857	ERR14789190,ERR14789171
vOTU_00614	1	0.14285714285714285	ERR14789332
vOTU_00615	2	0.2857142857142857	ERR14789331,ERR14789332
vOTU_00616	2	0.2857142857142857	ERR14789331,ERR14789332
vOTU_00617	2	0.2857142857142857	ERR14789331,ERR14789332
vOTU_00618	1	0.14285714285714285	ERR14789331
vOTU_00619	1	0.14285714285714285	ERR14789236
vOTU_00620	1	0.14285714285714285	ERR14789327
vOTU_00621	1	0.14285714285714285	ERR14789331
vOTU_00622	1	0.14285714285714285	ERR14789190
vOTU_00623	1	0.14285714285714285	ERR14789171
vOTU_00624	1	0.14285714285714285	ERR14789190
vOTU_00625	1	0.14285714285714285	ERR14789190
vOTU_00626	1	0.14285714285714285	ERR14789331
vOTU_00627	1	0.14285714285714285	ERR14789332
vOTU_00628	1	0.14285714285714285	ERR14789332
vOTU_00629	2	0.2857142857142857	ERR14789327,ERR14789332
vOTU_00630	3	0.42857142857142855	ERR14789328,ERR14789331,ERR14789332
vOTU_00631	3	0.42857142857142855	ERR14789331,ERR14789332,ERR14789236
vOTU_00632	2	0.2857142857142857	ERR14789190,ERR14789332
vOTU_00633	1	0.14285714285714285	ERR14789331
vOTU_00634	2	0.2857142857142857	ERR14789331,ERR14789332
vOTU_00635	1	0.14285714285714285	ERR14789332
vOTU_00636	1	0.14285714285714285	ERR14789190
vOTU_00637	1	0.14285714285714285	ERR14789328
vOTU_00638	1	0.14285714285714285	ERR14789332
vOTU_00639	1	0.14285714285714285	ERR14789332
vOTU_00640	1	0.14285714285714285	ERR14789236
vOTU_00641	1	0.14285714285714285	ERR14789332
vOTU_00642	1	0.14285714285714285	ERR14789236
vOTU_00643	1	0.14285714285714285	ERR14789331
vOTU_00644	1	0.14285714285714285	ERR14789332
vOTU_00645	1	0.14285714285714285	ERR14789171
vOTU_00646	1	0.14285714285714285	ERR14789331
vOTU_00647	1	0.14285714285714285	ERR14789171
vOTU_00648	1	0.14285714285714285	ERR14789190
vOTU_00649	2	0.2857142857142857	ERR14789190,ERR14789171
vOTU_00650	2	0.2857142857142857	ERR14789190,ERR14789332
vOTU_00651	2	0.2857142857142857	ERR14789331,ERR14789332
vOTU_00652	1	0.14285714285714285	ERR14789190
vOTU_00653	1	0.14285714285714285	ERR14789331
vOTU_00654	1	0.14285714285714285	ERR14789171
vOTU_00655	1	0.14285714285714285	ERR14789332
vOTU_00656	1	0.14285714285714285	ERR14789171
vOTU_00657	2	0.2857142857142857	ERR14789190,ERR14789332
vOTU_00658	1	0.14285714285714285	ERR14789332
vOTU_00659	1	0.14285714285714285	ERR14789190
vOTU_00660	1	0.14285714285714285	ERR14789190
vOTU_00661	1	0.14285714285714285	ERR14789332
vOTU_00662	1	0.14285714285714285	ERR14789332
vOTU_00663	1	0.14285714285714285	ERR14789332
vOTU_00664	1	0.14285714285714285	ERR14789332
vOTU_00665	2	0.2857142857142857	ERR14789331,ERR14789332
vOTU_00666	1	0.14285714285714285	ERR14789332
vOTU_00667	1	0.14285714285714285	ERR14789190
vOTU_00668	1	0.14285714285714285	ERR14789190
vOTU_00669	1	0.14285714285714285	ERR14789332
vOTU_00670	1	0.14285714285714285	ERR14789332
vOTU_00671	2	0.2857142857142857	ERR14789331,ERR14789332
vOTU_00672	1	0.14285714285714285	ERR14789332
vOTU_00673	1	0.14285714285714285	ERR14789332
vOTU_00674	1	0.14285714285714285	ERR14789328
vOTU_00675	3	0.42857142857142855	ERR14789327,ERR14789328,ERR14789332
vOTU_00676	1	0.14285714285714285	ERR14789171
vOTU_00677	1	0.14285714285714285	ERR14789190
vOTU_00678	1	0.14285714285714285	ERR14789331
vOTU_00679	1	0.14285714285714285	ERR14789332
vOTU_00680	1	0.14285714285714285	ERR14789190
vOTU_00681	1	0.14285714285714285	ERR14789332
vOTU_00682	2	0.2857142857142857	ERR14789331,ERR14789332
vOTU_00683	1	0.14285714285714285	ERR14789190
vOTU_00684	1	0.14285714285714285	ERR14789332
vOTU_00685	1	0.14285714285714285	ERR14789236
vOTU_00686	1	0.14285714285714285	ERR14789171
vOTU_00687	2	0.2857142857142857	ERR14789331,ERR14789332
vOTU_00688	1	0.14285714285714285	ERR14789332
vOTU_00689	1	0.14285714285714285	ERR14789332
vOTU_00690	2	0.2857142857142857	ERR14789331,ERR14789332
vOTU_00691	1	0.14285714285714285	ERR14789190
vOTU_00692	1	0.14285714285714285	ERR14789171
vOTU_00693	2	0.2857142857142857	ERR14789331,ERR14789332
vOTU_00694	1	0.14285714285714285	ERR14789327
vOTU_00695	1	0.14285714285714285	ERR14789331
vOTU_00696	1	0.14285714285714285	ERR14789332
vOTU_00697	1	0.14285714285714285	ERR14789328
vOTU_00698	2	0.2857142857142857	ERR14789331,ERR14789332
vOTU_00699	1	0.14285714285714285	ERR14789236
vOTU_00700	1	0.14285714285714285	ERR14789327
vOTU_00701	1	0.14285714285714285	ERR14789332
vOTU_00702	1	0.14285714285714285	ERR14789190
vOTU_00703	4	0.5714285714285714	ERR14789327,ERR14789328,ERR14789331,ERR14789332
vOTU_00704	1	0.14285714285714285	ERR14789332
vOTU_00705	2	0.2857142857142857	ERR14789331,ERR14789332
vOTU_00706	1	0.14285714285714285	ERR14789332
vOTU_00707	2	0.2857142857142857	ERR14789331,ERR14789332
vOTU_00708	1	0.14285714285714285	ERR14789332
vOTU_00709	1	0.14285714285714285	ERR14789236
vOTU_00710	1	0.14285714285714285	ERR14789331
vOTU_00711	2	0.2857142857142857	ERR14789331,ERR14789332
vOTU_00712	1	0.14285714285714285	ERR14789190
vOTU_00713	1	0.14285714285714285	ERR14789332
vOTU_00714	1	0.14285714285714285	ERR14789190
vOTU_00715	1	0.14285714285714285	ERR14789331
vOTU_00716	1	0.14285714285714285	ERR14789332
vOTU_00717	1	0.14285714285714285	ERR14789332
vOTU_00718	1	0.14285714285714285	ERR14789332
vOTU_00719	1	0.14285714285714285	ERR14789171
vOTU_00720	1	0.14285714285714285	ERR14789332
vOTU_00721	3	0.42857142857142855	ERR14789327,ERR14789331,ERR14789332
vOTU_00722	1	0.14285714285714285	ERR14789332
vOTU_00723	1	0.14285714285714285	ERR14789332
vOTU_00724	2	0.2857142857142857	ERR14789190,ERR14789236
vOTU_00725	1	0.14285714285714285	ERR14789190
vOTU_00726	1	0.14285714285714285	ERR14789328
vOTU_00727	1	0.14285714285714285	ERR14789328
vOTU_00728	2	0.2857142857142857	ERR14789190,ERR14789332
vOTU_00729	2	0.2857142857142857	ERR14789331,ERR14789332
vOTU_00730	1	0.14285714285714285	ERR14789171
vOTU_00731	1	0.14285714285714285	ERR14789327
vOTU_00732	2	0.2857142857142857	ERR14789331,ERR14789332
vOTU_00733	1	0.14285714285714285	ERR14789171
vOTU_00734	2	0.2857142857142857	ERR14789331,ERR14789332
vOTU_00735	1	0.14285714285714285	ERR14789328
vOTU_00736	1	0.14285714285714285	ERR14789332
vOTU_00737	1	0.14285714285714285	ERR14789332
vOTU_00738	2	0.2857142857142857	ERR14789331,ERR14789332
vOTU_00739	1	0.14285714285714285	ERR14789190
vOTU_00740	1	0.14285714285714285	ERR14789331
vOTU_00741	1	0.14285714285714285	ERR14789332
vOTU_00742	2	0.2857142857142857	ERR14789190,ERR14789236
vOTU_00743	1	0.14285714285714285	ERR14789190
vOTU_00744	2	0.2857142857142857	ERR14789331,ERR14789332
vOTU_00745	1	0.14285714285714285	ERR14789332
vOTU_00746	1	0.14285714285714285	ERR14789331
vOTU_00747	1	0.14285714285714285	ERR14789332
vOTU_00748	1	0.14285714285714285	ERR14789190
vOTU_00749	1	0.14285714285714285	ERR14789171
vOTU_00750	1	0.14285714285714285	ERR14789190
vOTU_00751	1	0.14285714285714285	ERR14789190
vOTU_00752	1	0.14285714285714285	ERR14789236
vOTU_00753	1	0.14285714285714285	ERR14789332
vOTU_00754	1	0.14285714285714285	ERR14789332
vOTU_00755	1	0.14285714285714285	ERR14789171
vOTU_00756	1	0.14285714285714285	ERR14789328
vOTU_00757	1	0.14285714285714285	ERR14789332
vOTU_00758	1	0.14285714285714285	ERR14789171
vOTU_00759	1	0.14285714285714285	ERR14789190
vOTU_00760	2	0.2857142857142857	ERR14789331,ERR14789332
vOTU_00761	1	0.14285714285714285	ERR14789190
vOTU_00762	1	0.14285714285714285	ERR14789332
vOTU_00763	1	0.14285714285714285	ERR14789332
vOTU_00764	1	0.14285714285714285	ERR14789171
vOTU_00765	1	0.14285714285714285	ERR14789190
vOTU_00766	1	0.14285714285714285	ERR14789332
vOTU_00767	1	0.14285714285714285	ERR14789332
vOTU_00768	1	0.14285714285714285	ERR14789332
vOTU_00769	2	0.2857142857142857	ERR14789331,ERR14789332
vOTU_00770	1	0.14285714285714285	ERR14789331
vOTU_00771	1	0.14285714285714285	ERR14789190
vOTU_00772	2	0.2857142857142857	ERR14789331,ERR14789332
vOTU_00773	1	0.14285714285714285	ERR14789332
vOTU_00774	2	0.2857142857142857	ERR14789331,ERR14789332
vOTU_00775	1	0.14285714285714285	ERR14789332
vOTU_00776	1	0.14285714285714285	ERR14789171
vOTU_00777	1	0.14285714285714285	ERR14789190
vOTU_00778	2	0.2857142857142857	ERR14789331,ERR14789332
vOTU_00779	2	0.2857142857142857	ERR14789331,ERR14789332
vOTU_00780	1	0.14285714285714285	ERR14789332
vOTU_00781	1	0.14285714285714285	ERR14789328
vOTU_00782	1	0.14285714285714285	ERR14789332
vOTU_00783	2	0.2857142857142857	ERR14789331,ERR14789332
vOTU_00784	1	0.14285714285714285	ERR14789171
vOTU_00785	1	0.14285714285714285	ERR14789332
vOTU_00786	1	0.14285714285714285	ERR14789332
vOTU_00787	1	0.14285714285714285	ERR14789332
vOTU_00788	1	0.14285714285714285	ERR14789236
vOTU_00789	1	0.14285714285714285	ERR14789331
vOTU_00790	1	0.14285714285714285	ERR14789332
vOTU_00791	1	0.14285714285714285	ERR14789236
vOTU_00792	1	0.14285714285714285	ERR14789332
vOTU_00793	2	0.2857142857142857	ERR14789331,ERR14789332
vOTU_00794	1	0.14285714285714285	ERR14789332
vOTU_00795	1	0.14285714285714285	ERR14789190
vOTU_00796	1	0.14285714285714285	ERR14789171
vOTU_00797	2	0.2857142857142857	ERR14789331,ERR14789332
vOTU_00798	1	0.14285714285714285	ERR14789236
vOTU_00799	1	0.14285714285714285	ERR14789332
vOTU_00800	1	0.14285714285714285	ERR14789190
vOTU_00801	1	0.14285714285714285	ERR14789328
vOTU_00802	1	0.14285714285714285	ERR14789236
vOTU_00803	2	0.2857142857142857	ERR14789331,ERR14789332
vOTU_00804	1	0.14285714285714285	ERR14789171
vOTU_00805	1	0.14285714285714285	ERR14789332
vOTU_00806	1	0.14285714285714285	ERR14789190
vOTU_00807	2	0.2857142857142857	ERR14789331,ERR14789332
vOTU_00808	1	0.14285714285714285	ERR14789332
vOTU_00809	1	0.14285714285714285	ERR14789332
vOTU_00810	1	0.14285714285714285	ERR14789332
vOTU_00811	1	0.14285714285714285	ERR14789328
vOTU_00812	1	0.14285714285714285	ERR14789332
vOTU_00813	1	0.14285714285714285	ERR14789327
vOTU_00814	1	0.14285714285714285	ERR14789332
vOTU_00815	1	0.14285714285714285	ERR14789190
vOTU_00816	1	0.14285714285714285	ERR14789331
vOTU_00817	1	0.14285714285714285	ERR14789331
vOTU_00818	2	0.2857142857142857	ERR14789331,ERR14789332
vOTU_00819	1	0.14285714285714285	ERR14789332
vOTU_00820	1	0.14285714285714285	ERR14789332
vOTU_00821	1	0.14285714285714285	ERR14789332
vOTU_00822	1	0.14285714285714285	ERR14789190
vOTU_00823	1	0.14285714285714285	ERR14789190
vOTU_00824	2	0.2857142857142857	ERR14789331,ERR14789332
vOTU_00825	1	0.14285714285714285	ERR14789332
vOTU_00826	2	0.2857142857142857	ERR14789331,ERR14789332
vOTU_00827	2	0.2857142857142857	ERR14789331,ERR14789332
vOTU_00828	1	0.14285714285714285	ERR14789190
vOTU_00829	1	0.14285714285714285	ERR14789190
vOTU_00830	1	0.14285714285714285	ERR14789332
vOTU_00831	1	0.14285714285714285	ERR14789332
vOTU_00832	2	0.2857142857142857	ERR14789331,ERR14789332
vOTU_00833	1	0.14285714285714285	ERR14789332
vOTU_00834	1	0.14285714285714285	ERR14789332
vOTU_00835	1	0.14285714285714285	ERR14789332
vOTU_00836	1	0.14285714285714285	ERR14789328
vOTU_00837	1	0.14285714285714285	ERR14789171
vOTU_00838	1	0.14285714285714285	ERR14789190
vOTU_00839	1	0.14285714285714285	ERR14789331
vOTU_00840	1	0.14285714285714285	ERR14789332
vOTU_00841	1	0.14285714285714285	ERR14789332
vOTU_00842	1	0.14285714285714285	ERR14789190
vOTU_00843	1	0.14285714285714285	ERR14789328
vOTU_00844	1	0.14285714285714285	ERR14789332
vOTU_00845	1	0.14285714285714285	ERR14789236
vOTU_00846	1	0.14285714285714285	ERR14789332
vOTU_00847	1	0.14285714285714285	ERR14789332
vOTU_00848	1	0.14285714285714285	ERR14789332
vOTU_00849	1	0.14285714285714285	ERR14789190
vOTU_00850	1	0.14285714285714285	ERR14789331
vOTU_00851	1	0.14285714285714285	ERR14789332
vOTU_00852	1	0.14285714285714285	ERR14789332
vOTU_00853	1	0.14285714285714285	ERR14789332
vOTU_00854	2	0.2857142857142857	ERR14789331,ERR14789332
vOTU_00855	1	0.14285714285714285	ERR14789332
vOTU_00856	1	0.14285714285714285	ERR14789190
vOTU_00857	1	0.14285714285714285	ERR14789190
vOTU_00858	1	0.14285714285714285	ERR14789332
vOTU_00859	1	0.14285714285714285	ERR14789190
vOTU_00860	1	0.14285714285714285	ERR14789171
vOTU_00861	1	0.14285714285714285	ERR14789327
vOTU_00862	1	0.14285714285714285	ERR14789236
vOTU_00863	1	0.14285714285714285	ERR14789332
vOTU_00864	1	0.14285714285714285	ERR14789332
vOTU_00865	1	0.14285714285714285	ERR14789190
vOTU_00866	1	0.14285714285714285	ERR14789332
vOTU_00867	1	0.14285714285714285	ERR14789332
vOTU_00868	1	0.14285714285714285	ERR14789190
vOTU_00869	1	0.14285714285714285	ERR14789332
vOTU_00870	1	0.14285714285714285	ERR14789171
vOTU_00871	1	0.14285714285714285	ERR14789190
vOTU_00872	1	0.14285714285714285	ERR14789331
vOTU_00873	2	0.2857142857142857	ERR14789331,ERR14789332
vOTU_00874	1	0.14285714285714285	ERR14789332
vOTU_00875	1	0.14285714285714285	ERR14789190
vOTU_00876	1	0.14285714285714285	ERR14789332
vOTU_00877	1	0.14285714285714285	ERR14789328
vOTU_00878	1	0.14285714285714285	ERR14789332
vOTU_00879	1	0.14285714285714285	ERR14789332
vOTU_00880	1	0.14285714285714285	ERR14789332
vOTU_00881	3	0.42857142857142855	ERR14789328,ERR14789331,ERR14789332
vOTU_00882	1	0.14285714285714285	ERR14789332
vOTU_00883	1	0.14285714285714285	ERR14789332
vOTU_00884	1	0.14285714285714285	ERR14789190
vOTU_00885	1	0.14285714285714285	ERR14789171
vOTU_00886	1	0.14285714285714285	ERR14789331
vOTU_00887	1	0.14285714285714285	ERR14789331
vOTU_00888	1	0.14285714285714285	ERR14789332
vOTU_00889	1	0.14285714285714285	ERR14789190
vOTU_00890	1	0.14285714285714285	ERR14789190
vOTU_00891	1	0.14285714285714285	ERR14789332
vOTU_00892	1	0.14285714285714285	ERR14789171
vOTU_00893	1	0.14285714285714285	ERR14789171
vOTU_00894	1	0.14285714285714285	ERR14789236
vOTU_00895	1	0.14285714285714285	ERR14789331
vOTU_00896	1	0.14285714285714285	ERR14789327
vOTU_00897	1	0.14285714285714285	ERR14789332
vOTU_00898	1	0.14285714285714285	ERR14789332
vOTU_00899	1	0.14285714285714285	ERR14789331
vOTU_00900	1	0.14285714285714285	ERR14789332
vOTU_00901	1	0.14285714285714285	ERR14789171
vOTU_00902	1	0.14285714285714285	ERR14789328
vOTU_00903	1	0.14285714285714285	ERR14789171
vOTU_00904	1	0.14285714285714285	ERR14789331
vOTU_00905	1	0.14285714285714285	ERR14789190
vOTU_00906	1	0.14285714285714285	ERR14789331
vOTU_00907	1	0.14285714285714285	ERR14789331
vOTU_00908	1	0.14285714285714285	ERR14789332
vOTU_00909	1	0.14285714285714285	ERR14789332
vOTU_00910	1	0.14285714285714285	ERR14789171
vOTU_00911	1	0.14285714285714285	ERR14789331
vOTU_00912	1	0.14285714285714285	ERR14789332
vOTU_00913	2	0.2857142857142857	ERR14789331,ERR14789332
vOTU_00914	1	0.14285714285714285	ERR14789332
vOTU_00915	1	0.14285714285714285	ERR14789190
vOTU_00916	1	0.14285714285714285	ERR14789236
vOTU_00917	2	0.2857142857142857	ERR14789331,ERR14789332
vOTU_00918	2	0.2857142857142857	ERR14789331,ERR14789332
vOTU_00919	1	0.14285714285714285	ERR14789332
vOTU_00920	2	0.2857142857142857	ERR14789331,ERR14789332
vOTU_00921	1	0.14285714285714285	ERR14789332
vOTU_00922	1	0.14285714285714285	ERR14789327
vOTU_00923	2	0.2857142857142857	ERR14789331,ERR14789332
vOTU_00924	1	0.14285714285714285	ERR14789332
vOTU_00925	3	0.42857142857142855	ERR14789190,ERR14789331,ERR14789332
vOTU_00926	1	0.14285714285714285	ERR14789332
vOTU_00927	1	0.14285714285714285	ERR14789332
vOTU_00928	2	0.2857142857142857	ERR14789328,ERR14789332
vOTU_00929	1	0.14285714285714285	ERR14789171
vOTU_00930	1	0.14285714285714285	ERR14789190
vOTU_00931	2	0.2857142857142857	ERR14789331,ERR14789236
vOTU_00932	1	0.14285714285714285	ERR14789190
vOTU_00933	1	0.14285714285714285	ERR14789190
vOTU_00934	1	0.14285714285714285	ERR14789236
vOTU_00935	1	0.14285714285714285	ERR14789331
vOTU_00936	2	0.2857142857142857	ERR14789331,ERR14789332
vOTU_00937	2	0.2857142857142857	ERR14789190,ERR14789332
vOTU_00938	3	0.42857142857142855	ERR14789190,ERR14789331,ERR14789332
vOTU_00939	1	0.14285714285714285	ERR14789190
vOTU_00940	1	0.14285714285714285	ERR14789327
vOTU_00941	1	0.14285714285714285	ERR14789332
vOTU_00942	3	0.42857142857142855	ERR14789328,ERR14789331,ERR14789332
vOTU_00943	2	0.2857142857142857	ERR14789331,ERR14789332
vOTU_00944	1	0.14285714285714285	ERR14789190
vOTU_00945	1	0.14285714285714285	ERR14789190
vOTU_00946	1	0.14285714285714285	ERR14789236
vOTU_00947	2	0.2857142857142857	ERR14789331,ERR14789332
vOTU_00948	1	0.14285714285714285	ERR14789332
vOTU_00949	1	0.14285714285714285	ERR14789331
vOTU_00950	2	0.2857142857142857	ERR14789331,ERR14789332
vOTU_00951	1	0.14285714285714285	ERR14789190
vOTU_00952	1	0.14285714285714285	ERR14789190
vOTU_00953	1	0.14285714285714285	ERR14789327
vOTU_00954	1	0.14285714285714285	ERR14789331
vOTU_00955	1	0.14285714285714285	ERR14789328
vOTU_00956	1	0.14285714285714285	ERR14789332
vOTU_00957	1	0.14285714285714285	ERR14789332
vOTU_00958	1	0.14285714285714285	ERR14789332
vOTU_00959	2	0.2857142857142857	ERR14789327,ERR14789332
vOTU_00960	1	0.14285714285714285	ERR14789171
vOTU_00961	1	0.14285714285714285	ERR14789190
vOTU_00962	1	0.14285714285714285	ERR14789190
vOTU_00963	1	0.14285714285714285	ERR14789332
vOTU_00964	1	0.14285714285714285	ERR14789331
vOTU_00965	1	0.14285714285714285	ERR14789332
vOTU_00966	1	0.14285714285714285	ERR14789332
vOTU_00967	1	0.14285714285714285	ERR14789332
vOTU_00968	1	0.14285714285714285	ERR14789332
vOTU_00969	1	0.14285714285714285	ERR14789332
vOTU_00970	1	0.14285714285714285	ERR14789332
vOTU_00971	2	0.2857142857142857	ERR14789331,ERR14789332
vOTU_00972	1	0.14285714285714285	ERR14789332
vOTU_00973	1	0.14285714285714285	ERR14789332
vOTU_00974	2	0.2857142857142857	ERR14789331,ERR14789332
vOTU_00975	1	0.14285714285714285	ERR14789331
vOTU_00976	1	0.14285714285714285	ERR14789332
vOTU_00977	1	0.14285714285714285	ERR14789332
vOTU_00978	1	0.14285714285714285	ERR14789190
vOTU_00979	2	0.2857142857142857	ERR14789190,ERR14789332
vOTU_00980	1	0.14285714285714285	ERR14789236
vOTU_00981	1	0.14285714285714285	ERR14789327
vOTU_00982	1	0.14285714285714285	ERR14789328
vOTU_00983	1	0.14285714285714285	ERR14789332
vOTU_00984	3	0.42857142857142855	ERR14789327,ERR14789331,ERR14789332
vOTU_00985	1	0.14285714285714285	ERR14789190
vOTU_00986	1	0.14285714285714285	ERR14789332
vOTU_00987	1	0.14285714285714285	ERR14789190
vOTU_00988	1	0.14285714285714285	ERR14789327
vOTU_00989	1	0.14285714285714285	ERR14789332
vOTU_00990	1	0.14285714285714285	ERR14789171
vOTU_00991	1	0.14285714285714285	ERR14789190
vOTU_00992	1	0.14285714285714285	ERR14789331
vOTU_00993	2	0.2857142857142857	ERR14789190,ERR14789236
vOTU_00994	1	0.14285714285714285	ERR14789332
vOTU_00995	1	0.14285714285714285	ERR14789190
vOTU_00996	1	0.14285714285714285	ERR14789332
vOTU_00997	1	0.14285714285714285	ERR14789327
vOTU_00998	2	0.2857142857142857	ERR14789331,ERR14789332
vOTU_00999	1	0.14285714285714285	ERR14789332
vOTU_01000	1	0.14285714285714285	ERR14789190
vOTU_01001	1	0.14285714285714285	ERR14789332
vOTU_01002	1	0.14285714285714285	ERR14789190
vOTU_01003	1	0.14285714285714285	ERR14789332
vOTU_01004	1	0.14285714285714285	ERR14789331
vOTU_01005	3	0.42857142857142855	ERR14789328,ERR14789331,ERR14789332
vOTU_01006	1	0.14285714285714285	ERR14789332
vOTU_01007	1	0.14285714285714285	ERR14789171
vOTU_01008	1	0.14285714285714285	ERR14789236
vOTU_01009	1	0.14285714285714285	ERR14789332
vOTU_01010	1	0.14285714285714285	ERR14789332
vOTU_01011	1	0.14285714285714285	ERR14789332
vOTU_01012	1	0.14285714285714285	ERR14789332
vOTU_01013	1	0.14285714285714285	ERR14789190
vOTU_01014	1	0.14285714285714285	ERR14789190
vOTU_01015	2	0.2857142857142857	ERR14789331,ERR14789332
vOTU_01016	2	0.2857142857142857	ERR14789331,ERR14789332
vOTU_01017	1	0.14285714285714285	ERR14789332
vOTU_01018	1	0.14285714285714285	ERR14789332
vOTU_01019	1	0.14285714285714285	ERR14789190
vOTU_01020	1	0.14285714285714285	ERR14789331
vOTU_01021	2	0.2857142857142857	ERR14789331,ERR14789332
vOTU_01022	3	0.42857142857142855	ERR14789190,ERR14789331,ERR14789332
vOTU_01023	1	0.14285714285714285	ERR14789332
vOTU_01024	1	0.14285714285714285	ERR14789332
vOTU_01025	1	0.14285714285714285	ERR14789332
vOTU_01026	1	0.14285714285714285	ERR14789171
vOTU_01027	2	0.2857142857142857	ERR14789190,ERR14789236
vOTU_01028	1	0.14285714285714285	ERR14789331
vOTU_01029	1	0.14285714285714285	ERR14789332
vOTU_01030	2	0.2857142857142857	ERR14789331,ERR14789332
vOTU_01031	1	0.14285714285714285	ERR14789331
vOTU_01032	1	0.14285714285714285	ERR14789332
vOTU_01033	2	0.2857142857142857	ERR14789331,ERR14789332
vOTU_01034	1	0.14285714285714285	ERR14789171
vOTU_01035	1	0.14285714285714285	ERR14789236
vOTU_01036	1	0.14285714285714285	ERR14789332
vOTU_01037	2	0.2857142857142857	ERR14789331,ERR14789332
vOTU_01038	1	0.14285714285714285	ERR14789332
vOTU_01039	1	0.14285714285714285	ERR14789332
vOTU_01040	1	0.14285714285714285	ERR14789190
vOTU_01041	1	0.14285714285714285	ERR14789190
vOTU_01042	2	0.2857142857142857	ERR14789190,ERR14789332
vOTU_01043	3	0.42857142857142855	ERR14789327,ERR14789331,ERR14789332
vOTU_01044	1	0.14285714285714285	ERR14789332
vOTU_01045	1	0.14285714285714285	ERR14789332
vOTU_01046	1	0.14285714285714285	ERR14789332
vOTU_01047	1	0.14285714285714285	ERR14789190
vOTU_01048	2	0.2857142857142857	ERR14789331,ERR14789236
vOTU_01049	2	0.2857142857142857	ERR14789332,ERR14789236
vOTU_01050	1	0.14285714285714285	ERR14789190
vOTU_01051	1	0.14285714285714285	ERR14789332
vOTU_01052	2	0.2857142857142857	ERR14789331,ERR14789332
vOTU_01053	1	0.14285714285714285	ERR14789236
vOTU_01054	1	0.14285714285714285	ERR14789331
vOTU_01055	1	0.14285714285714285	ERR14789332
vOTU_01056	1	0.14285714285714285	ERR14789332
vOTU_01057	1	0.14285714285714285	ERR14789171
vOTU_01058	1	0.14285714285714285	ERR14789190
vOTU_01059	1	0.14285714285714285	ERR14789331
vOTU_01060	1	0.14285714285714285	ERR14789331
vOTU_01061	1	0.14285714285714285	ERR14789332
vOTU_01062	1	0.14285714285714285	ERR14789332
vOTU_01063	1	0.14285714285714285	ERR14789190
vOTU_01064	1	0.14285714285714285	ERR14789331
vOTU_01065	1	0.14285714285714285	ERR14789332
vOTU_01066	1	0.14285714285714285	ERR14789332
vOTU_01067	1	0.14285714285714285	ERR14789332
vOTU_01068	1	0.14285714285714285	ERR14789332
vOTU_01069	1	0.14285714285714285	ERR14789332
vOTU_01070	1	0.14285714285714285	ERR14789332
vOTU_01071	1	0.14285714285714285	ERR14789331
vOTU_01072	1	0.14285714285714285	ERR14789332
vOTU_01073	1	0.14285714285714285	ERR14789332
vOTU_01074	2	0.2857142857142857	ERR14789190,ERR14789332
vOTU_01075	1	0.14285714285714285	ERR14789190
vOTU_01076	2	0.2857142857142857	ERR14789331,ERR14789332
vOTU_01077	1	0.14285714285714285	ERR14789332
vOTU_01078	1	0.14285714285714285	ERR14789190
vOTU_01079	1	0.14285714285714285	ERR14789331
vOTU_01080	1	0.14285714285714285	ERR14789190
vOTU_01081	1	0.14285714285714285	ERR14789190
vOTU_01082	1	0.14285714285714285	ERR14789332
vOTU_01083	2	0.2857142857142857	ERR14789331,ERR14789332
vOTU_01084	1	0.14285714285714285	ERR14789331
vOTU_01085	2	0.2857142857142857	ERR14789331,ERR14789332
vOTU_01086	1	0.14285714285714285	ERR14789190
vOTU_01087	2	0.2857142857142857	ERR14789331,ERR14789332
vOTU_01088	1	0.14285714285714285	ERR14789332
vOTU_01089	1	0.14285714285714285	ERR14789190
vOTU_01090	1	0.14285714285714285	ERR14789327
vOTU_01091	1	0.14285714285714285	ERR14789332
vOTU_01092	1	0.14285714285714285	ERR14789171
vOTU_01093	1	0.14285714285714285	ERR14789236
vOTU_01094	1	0.14285714285714285	ERR14789332
vOTU_01095	1	0.14285714285714285	ERR14789332
vOTU_01096	1	0.14285714285714285	ERR14789190
vOTU_01097	1	0.14285714285714285	ERR14789328
vOTU_01098	2	0.2857142857142857	ERR14789190,ERR14789332
vOTU_01099	1	0.14285714285714285	ERR14789171
vOTU_01100	2	0.2857142857142857	ERR14789327,ERR14789328
vOTU_01101	1	0.14285714285714285	ERR14789190
vOTU_01102	1	0.14285714285714285	ERR14789332
vOTU_01103	1	0.14285714285714285	ERR14789190
vOTU_01104	1	0.14285714285714285	ERR14789190
vOTU_01105	1	0.14285714285714285	ERR14789332
vOTU_01106	2	0.2857142857142857	ERR14789331,ERR14789332
vOTU_01107	1	0.14285714285714285	ERR14789332
